Phase	O	O	O	O	O	
the	O	O	O	O	O	
First	O	O	O	O	O	
:	O	O	O	O	O	
The	B-PER	O	O	O	O	
Maiden	I-PER	O	O	O	O	
I	O	O	O	O	O	
On	O	O	O	O	O	
an	O	O	O	O	O	
evening	O	O	O	O	O	
in	O	O	O	O	O	
the	O	O	O	O	O	
latter	O	O	O	O	O	
part	O	O	O	O	O	
of	O	O	O	O	O	
May	O	O	O	O	O	
a	B-PER	O	O	O	O	
middle-aged	I-PER	O	O	O	O	
man	I-PER	O	O	O	O	
was	O	O	O	O	O	
walking	O	O	O	O	O	
homeward	O	O	O	O	O	
from	O	O	O	O	O	
Shaston	B-GPE	O	O	O	O	
to	O	O	O	O	O	
the	B-GPE	O	O	O	O	
village	I-GPE	O	O	O	O	
of	I-GPE	O	O	O	O	
Marlott	I-GPE	O	O	O	O	
,	O	O	O	O	O	
in	O	O	O	O	O	
the	B-LOC	O	O	O	O	
adjoining	I-LOC	O	O	O	O	
Vale	I-LOC	O	O	O	O	
of	I-LOC	O	O	O	O	
Blakemore	I-LOC	O	O	O	O	
,	O	O	O	O	O	
or	O	O	O	O	O	
Blackmoor	B-LOC	O	O	O	O	
.	O	O	O	O	O	

The	O	O	O	O	O	
pair	O	O	O	O	O	
of	O	O	O	O	O	
legs	O	O	O	O	O	
that	O	O	O	O	O	
carried	O	O	O	O	O	
him	O	O	O	O	O	
were	O	O	O	O	O	
rickety	O	O	O	O	O	
,	O	O	O	O	O	
and	O	O	O	O	O	
there	O	O	O	O	O	
was	O	O	O	O	O	
a	O	O	O	O	O	
bias	O	O	O	O	O	
in	O	O	O	O	O	
his	O	O	O	O	O	
gait	O	O	O	O	O	
which	O	O	O	O	O	
inclined	O	O	O	O	O	
him	O	O	O	O	O	
somewhat	O	O	O	O	O	
to	O	O	O	O	O	
the	O	O	O	O	O	
left	O	O	O	O	O	
of	O	O	O	O	O	
a	O	O	O	O	O	
straight	O	O	O	O	O	
line	O	O	O	O	O	
.	O	O	O	O	O	

He	O	O	O	O	O	
occasionally	O	O	O	O	O	
gave	O	O	O	O	O	
a	O	O	O	O	O	
smart	O	O	O	O	O	
nod	O	O	O	O	O	
,	O	O	O	O	O	
as	O	O	O	O	O	
if	O	O	O	O	O	
in	O	O	O	O	O	
confirmation	O	O	O	O	O	
of	O	O	O	O	O	
some	O	O	O	O	O	
opinion	O	O	O	O	O	
,	O	O	O	O	O	
though	O	O	O	O	O	
he	O	O	O	O	O	
was	O	O	O	O	O	
not	O	O	O	O	O	
thinking	O	O	O	O	O	
of	O	O	O	O	O	
anything	O	O	O	O	O	
in	O	O	O	O	O	
particular	O	O	O	O	O	
.	O	O	O	O	O	

An	O	O	O	O	O	
empty	O	O	O	O	O	
egg-basket	O	O	O	O	O	
was	O	O	O	O	O	
slung	O	O	O	O	O	
upon	O	O	O	O	O	
his	O	O	O	O	O	
arm	O	O	O	O	O	
,	O	O	O	O	O	
the	O	O	O	O	O	
nap	O	O	O	O	O	
of	O	O	O	O	O	
his	O	O	O	O	O	
hat	O	O	O	O	O	
was	O	O	O	O	O	
ruffled	O	O	O	O	O	
,	O	O	O	O	O	
a	O	O	O	O	O	
patch	O	O	O	O	O	
being	O	O	O	O	O	
quite	O	O	O	O	O	
worn	O	O	O	O	O	
away	O	O	O	O	O	
at	O	O	O	O	O	
its	O	O	O	O	O	
brim	O	O	O	O	O	
where	O	O	O	O	O	
his	O	O	O	O	O	
thumb	O	O	O	O	O	
came	O	O	O	O	O	
in	O	O	O	O	O	
taking	O	O	O	O	O	
it	O	O	O	O	O	
off	O	O	O	O	O	
.	O	O	O	O	O	

Presently	O	O	O	O	O	
he	O	O	O	O	O	
was	O	O	O	O	O	
met	O	O	O	O	O	
by	O	O	O	O	O	
an	B-PER	O	O	O	O	
elderly	I-PER	O	O	O	O	
parson	I-PER	O	O	O	O	
astride	I-PER	O	O	O	O	
on	I-PER	O	O	O	O	
a	I-PER	O	O	O	O	
gray	I-PER	O	O	O	O	
mare	I-PER	O	O	O	O	
,	O	O	O	O	O	
who	O	O	O	O	O	
,	O	O	O	O	O	
as	O	O	O	O	O	
he	O	O	O	O	O	
rode	O	O	O	O	O	
,	O	O	O	O	O	
hummed	O	O	O	O	O	
a	O	O	O	O	O	
wandering	O	O	O	O	O	
tune	O	O	O	O	O	
.	O	O	O	O	O	

"	O	O	O	O	O	
Good	O	O	O	O	O	
night	O	O	O	O	O	
t	O	O	O	O	O	
'	O	O	O	O	O	
ee	O	O	O	O	O	
,	O	O	O	O	O	
"	O	O	O	O	O	
said	O	O	O	O	O	
the	B-PER	O	O	O	O	
man	I-PER	O	O	O	O	
with	I-PER	O	O	O	O	
the	I-PER	O	O	O	O	
basket	I-PER	O	O	O	O	
.	O	O	O	O	O	

"	O	O	O	O	O	
Good	O	O	O	O	O	
night	O	O	O	O	O	
,	O	O	O	O	O	
Sir	B-PER	B-PER	O	O	O	
John	O	I-PER	O	O	O	
,	O	O	O	O	O	
"	O	O	O	O	O	
said	O	O	O	O	O	
the	B-PER	O	O	O	O	
parson	I-PER	O	O	O	O	
.	O	O	O	O	O	

The	B-PER	O	O	O	O	
pedestrian	I-PER	O	O	O	O	
,	O	O	O	O	O	
after	O	O	O	O	O	
another	O	O	O	O	O	
pace	O	O	O	O	O	
or	O	O	O	O	O	
two	O	O	O	O	O	
,	O	O	O	O	O	
halted	O	O	O	O	O	
,	O	O	O	O	O	
and	O	O	O	O	O	
turned	O	O	O	O	O	
round	O	O	O	O	O	
.	O	O	O	O	O	

"	O	O	O	O	O	
Now	O	O	O	O	O	
,	O	O	O	O	O	
sir	B-PER	O	O	O	O	
,	O	O	O	O	O	
begging	O	O	O	O	O	
your	O	O	O	O	O	
pardon	O	O	O	O	O	
;	O	O	O	O	O	
we	O	O	O	O	O	
met	O	O	O	O	O	
last	O	O	O	O	O	
market-day	O	O	O	O	O	
on	O	O	O	O	O	
this	B-FAC	O	O	O	O	
road	I-FAC	O	O	O	O	
about	O	O	O	O	O	
this	O	O	O	O	O	
time	O	O	O	O	O	
,	O	O	O	O	O	
and	O	O	O	O	O	
I	O	O	O	O	O	
said	O	O	O	O	O	
'	O	O	O	O	O	
Good	O	O	O	O	O	
night	O	O	O	O	O	
,	O	O	O	O	O	
'	O	O	O	O	O	
and	O	O	O	O	O	
you	O	O	O	O	O	
made	O	O	O	O	O	
reply	O	O	O	O	O	
'	O	O	O	O	O	
_	O	O	O	O	O	
Good	O	O	O	O	O	
night	O	O	O	O	O	
,	O	O	O	O	O	
Sir	B-PER	B-PER	O	O	O	
John	O	I-PER	O	O	O	
_	O	O	O	O	O	
,	O	O	O	O	O	
'	O	O	O	O	O	
as	O	O	O	O	O	
now	O	O	O	O	O	
.	O	O	O	O	O	
"	O	O	O	O	O	

"	O	O	O	O	O	
I	O	O	O	O	O	
did	O	O	O	O	O	
,	O	O	O	O	O	
"	O	O	O	O	O	
said	O	O	O	O	O	
the	B-PER	O	O	O	O	
parson	I-PER	O	O	O	O	
.	O	O	O	O	O	

"	O	O	O	O	O	
And	O	O	O	O	O	
once	O	O	O	O	O	
before	O	O	O	O	O	
that	O	O	O	O	O	
--	O	O	O	O	O	
near	O	O	O	O	O	
a	O	O	O	O	O	
month	O	O	O	O	O	
ago	O	O	O	O	O	
.	O	O	O	O	O	
"	O	O	O	O	O	

"	O	O	O	O	O	
I	O	O	O	O	O	
may	O	O	O	O	O	
have	O	O	O	O	O	
.	O	O	O	O	O	
"	O	O	O	O	O	

"	O	O	O	O	O	
Then	O	O	O	O	O	
what	O	O	O	O	O	
might	O	O	O	O	O	
your	O	O	O	O	O	
meaning	O	O	O	O	O	
be	O	O	O	O	O	
in	O	O	O	O	O	
calling	O	O	O	O	O	
me	O	O	O	O	O	
'	O	O	O	O	O	
Sir	B-PER	B-PER	O	O	O	
John	O	I-PER	O	O	O	
'	O	O	O	O	O	
these	O	O	O	O	O	
different	O	O	O	O	O	
times	O	O	O	O	O	
,	O	O	O	O	O	
when	O	O	O	O	O	
I	O	O	O	O	O	
be	O	O	O	O	O	
plain	B-PER	O	O	O	O	
Jack	I-PER	O	O	O	O	
Durbeyfield	I-PER	O	O	O	O	
,	O	O	O	O	O	
the	B-PER	O	O	O	O	
haggler	I-PER	O	O	O	O	
?	O	O	O	O	O	
"	O	O	O	O	O	

The	B-PER	O	O	O	O	
parson	I-PER	O	O	O	O	
rode	O	O	O	O	O	
a	O	O	O	O	O	
step	O	O	O	O	O	
or	O	O	O	O	O	
two	O	O	O	O	O	
nearer	O	O	O	O	O	
.	O	O	O	O	O	

"	O	O	O	O	O	
It	O	O	O	O	O	
was	O	O	O	O	O	
only	O	O	O	O	O	
my	O	O	O	O	O	
whim	O	O	O	O	O	
,	O	O	O	O	O	
"	O	O	O	O	O	
he	O	O	O	O	O	
said	O	O	O	O	O	
;	O	O	O	O	O	
and	O	O	O	O	O	
,	O	O	O	O	O	
after	O	O	O	O	O	
a	O	O	O	O	O	
moment	O	O	O	O	O	
's	O	O	O	O	O	
hesitation	O	O	O	O	O	
:	O	O	O	O	O	
"	O	O	O	O	O	
It	O	O	O	O	O	
was	O	O	O	O	O	
on	O	O	O	O	O	
account	O	O	O	O	O	
of	O	O	O	O	O	
a	O	O	O	O	O	
discovery	O	O	O	O	O	
I	O	O	O	O	O	
made	O	O	O	O	O	
some	O	O	O	O	O	
little	O	O	O	O	O	
time	O	O	O	O	O	
ago	O	O	O	O	O	
,	O	O	O	O	O	
whilst	O	O	O	O	O	
I	O	O	O	O	O	
was	O	O	O	O	O	
hunting	O	O	O	O	O	
up	O	O	O	O	O	
pedigrees	O	O	O	O	O	
for	O	O	O	O	O	
the	O	O	O	O	O	
new	O	O	O	O	O	
county	B-GPE	O	O	O	O	
history	O	O	O	O	O	
.	O	O	O	O	O	

I	O	O	O	O	O	
am	O	O	O	O	O	
Parson	B-PER	O	O	O	O	
Tringham	I-PER	O	O	O	O	
,	O	O	O	O	O	
the	O	B-PER	O	O	O	
antiquary	O	I-PER	O	O	O	
,	O	I-PER	O	O	O	
of	O	I-PER	O	O	O	
Stagfoot	B-FAC	I-PER	O	O	O	
Lane	I-FAC	I-PER	O	O	O	
.	O	O	O	O	O	

Do	O	O	O	O	O	
n't	O	O	O	O	O	
you	O	O	O	O	O	
really	O	O	O	O	O	
know	O	O	O	O	O	
,	O	O	O	O	O	
Durbeyfield	B-PER	O	O	O	O	
,	O	O	O	O	O	
that	O	O	O	O	O	
you	O	O	O	O	O	
are	O	O	O	O	O	
the	O	B-PER	O	O	O	
lineal	O	I-PER	O	O	O	
representative	O	I-PER	O	O	O	
of	O	I-PER	O	O	O	
the	B-PER	I-PER	O	O	O	
ancient	I-PER	I-PER	O	O	O	
and	I-PER	I-PER	O	O	O	
knightly	I-PER	I-PER	O	O	O	
family	I-PER	I-PER	O	O	O	
of	I-PER	I-PER	O	O	O	
the	I-PER	I-PER	O	O	O	
d'Urbervilles	I-PER	I-PER	O	O	O	
,	O	O	O	O	O	
who	O	O	O	O	O	
derive	O	O	O	O	O	
their	O	O	O	O	O	
descent	O	O	O	O	O	
from	O	O	O	O	O	
Sir	B-PER	B-PER	O	O	O	
Pagan	O	I-PER	O	O	O	
d'Urberville	O	I-PER	O	O	O	
,	O	O	O	O	O	
that	O	B-PER	O	O	O	
renowned	O	I-PER	O	O	O	
knight	O	I-PER	O	O	O	
who	O	I-PER	O	O	O	
came	O	I-PER	O	O	O	
from	O	I-PER	O	O	O	
Normandy	B-GPE	I-PER	O	O	O	
with	O	I-PER	O	O	O	
William	B-PER	I-PER	O	O	O	
the	B-PER	I-PER	O	O	O	
Conqueror	I-PER	I-PER	O	O	O	
,	O	O	O	O	O	
as	O	O	O	O	O	
appears	O	O	O	O	O	
by	O	O	O	O	O	
Battle	O	O	O	O	O	
Abbey	O	O	O	O	O	
Roll	O	O	O	O	O	
?	O	O	O	O	O	
"	O	O	O	O	O	

"	O	O	O	O	O	
Never	O	O	O	O	O	
heard	O	O	O	O	O	
it	O	O	O	O	O	
before	O	O	O	O	O	
,	O	O	O	O	O	
sir	B-PER	O	O	O	O	
!	O	O	O	O	O	
"	O	O	O	O	O	

"	O	O	O	O	O	
Well	O	O	O	O	O	
it	O	O	O	O	O	
's	O	O	O	O	O	
true	O	O	O	O	O	
.	O	O	O	O	O	

Throw	O	O	O	O	O	
up	O	O	O	O	O	
your	O	O	O	O	O	
chin	O	O	O	O	O	
a	O	O	O	O	O	
moment	O	O	O	O	O	
,	O	O	O	O	O	
so	O	O	O	O	O	
that	O	O	O	O	O	
I	O	O	O	O	O	
may	O	O	O	O	O	
catch	O	O	O	O	O	
the	O	O	O	O	O	
profile	O	O	O	O	O	
of	O	O	O	O	O	
your	O	O	O	O	O	
face	O	O	O	O	O	
better	O	O	O	O	O	
.	O	O	O	O	O	

Yes	O	O	O	O	O	
,	O	O	O	O	O	
that	O	O	O	O	O	
's	O	O	O	O	O	
the	O	O	O	O	O	
d'Urberville	O	O	O	O	O	
nose	O	O	O	O	O	
and	O	O	O	O	O	
chin	O	O	O	O	O	
--	O	O	O	O	O	
a	O	O	O	O	O	
little	O	O	O	O	O	
debased	O	O	O	O	O	
.	O	O	O	O	O	

Your	B-PER	O	O	O	O	
ancestor	I-PER	O	O	O	O	
was	O	O	O	O	O	
one	O	O	O	B-PER	O	
of	O	O	O	I-PER	O	
the	O	O	B-PER	I-PER	O	
twelve	O	O	I-PER	I-PER	O	
knights	O	O	I-PER	I-PER	O	
who	O	O	I-PER	I-PER	O	
assisted	O	O	I-PER	I-PER	O	
the	O	B-PER	I-PER	I-PER	O	
Lord	O	I-PER	I-PER	I-PER	O	
of	O	I-PER	I-PER	I-PER	O	
Estremavilla	B-GPE	I-PER	I-PER	I-PER	O	
in	O	O	I-PER	I-PER	O	
Normandy	B-GPE	O	I-PER	I-PER	O	
in	O	O	I-PER	I-PER	O	
his	O	O	I-PER	I-PER	O	
conquest	O	O	I-PER	I-PER	O	
of	O	O	I-PER	I-PER	O	
Glamorganshire	B-GPE	O	I-PER	I-PER	O	
.	O	O	O	O	O	

Branches	B-PER	O	O	O	O	
of	I-PER	O	O	O	O	
your	I-PER	O	O	O	O	
family	I-PER	O	O	O	O	
held	O	O	O	O	O	
manors	B-FAC	O	O	O	O	
over	O	O	O	O	O	
all	O	O	O	O	O	
this	O	B-LOC	O	O	O	
part	O	I-LOC	O	O	O	
of	O	I-LOC	O	O	O	
England	B-GPE	I-LOC	O	O	O	
;	O	O	O	O	O	
their	O	O	O	O	O	
names	O	O	O	O	O	
appear	O	O	O	O	O	
in	O	O	O	O	O	
the	O	O	O	O	O	
Pipe	O	O	O	O	O	
Rolls	O	O	O	O	O	
in	O	O	O	O	O	
the	O	O	O	O	O	
time	O	O	O	O	O	
of	O	O	O	O	O	
King	B-PER	B-PER	O	O	O	
Stephen	O	I-PER	O	O	O	
.	O	O	O	O	O	

In	O	O	O	O	O	
the	O	O	O	O	O	
reign	O	O	O	O	O	
of	O	O	O	O	O	
King	B-PER	B-PER	O	O	O	
John	O	I-PER	O	O	O	
one	B-PER	O	O	O	O	
of	I-PER	O	O	O	O	
them	I-PER	O	O	O	O	
was	O	O	O	O	O	
rich	O	O	O	O	O	
enough	O	O	O	O	O	
to	O	O	O	O	O	
give	O	O	O	O	O	
a	B-FAC	O	O	O	O	
manor	I-FAC	O	O	O	O	
to	O	O	O	O	O	
the	B-PER	O	O	O	O	
Knights	I-PER	O	O	O	O	
Hospitallers	I-PER	O	O	O	O	
;	O	O	O	O	O	
and	O	O	O	O	O	
in	O	O	O	O	O	
Edward	B-PER	O	O	O	O	
the	I-PER	O	O	O	O	
Second	I-PER	O	O	O	O	
's	O	O	O	O	O	
time	O	O	O	O	O	
your	B-PER	O	O	O	O	
forefather	I-PER	O	O	O	O	
Brian	B-PER	O	O	O	O	
was	O	O	O	O	O	
summoned	O	O	O	O	O	
to	O	O	O	O	O	
Westminster	B-GPE	O	O	O	O	
to	O	O	O	O	O	
attend	O	O	O	O	O	
the	O	O	O	O	O	
great	O	O	O	O	O	
Council	O	O	O	O	O	
there	B-GPE	O	O	O	O	
.	O	O	O	O	O	

You	O	O	O	O	O	
declined	O	O	O	O	O	
a	O	O	O	O	O	
little	O	O	O	O	O	
in	O	O	O	O	O	
Oliver	B-PER	O	O	O	O	
Cromwell	I-PER	O	O	O	O	
's	O	O	O	O	O	
time	O	O	O	O	O	
,	O	O	O	O	O	
but	O	O	O	O	O	
to	O	O	O	O	O	
no	O	O	O	O	O	
serious	O	O	O	O	O	
extent	O	O	O	O	O	
,	O	O	O	O	O	
and	O	O	O	O	O	
in	O	O	O	O	O	
Charles	B-PER	O	O	O	O	
the	I-PER	O	O	O	O	
Second	I-PER	O	O	O	O	
's	O	O	O	O	O	
reign	O	O	O	O	O	
you	O	O	O	O	O	
were	O	O	O	O	O	
made	O	O	O	O	O	
Knights	B-PER	O	O	O	O	
of	I-PER	O	O	O	O	
the	I-PER	O	O	O	O	
Royal	I-PER	O	O	O	O	
Oak	I-PER	O	O	O	O	
for	O	O	O	O	O	
your	O	O	O	O	O	
loyalty	O	O	O	O	O	
.	O	O	O	O	O	

Aye	O	O	O	O	O	
,	O	O	O	O	O	
there	O	O	O	O	O	
have	O	O	O	O	O	
been	O	O	O	O	O	
generations	O	O	O	O	O	
of	O	O	O	O	O	
Sir	B-PER	B-PER	O	O	O	
Johns	O	I-PER	O	O	O	
among	O	O	O	O	O	
you	O	O	O	O	O	
,	O	O	O	O	O	
and	O	O	O	O	O	
if	O	O	O	O	O	
knighthood	O	O	O	O	O	
were	O	O	O	O	O	
hereditary	O	O	O	O	O	
,	O	O	O	O	O	
like	O	O	O	O	O	
a	O	O	O	O	O	
baronetcy	O	O	O	O	O	
,	O	O	O	O	O	
as	O	O	O	O	O	
it	O	O	O	O	O	
practically	O	O	O	O	O	
was	O	O	O	O	O	
in	O	O	O	O	O	
old	O	O	O	O	O	
times	O	O	O	O	O	
,	O	O	O	O	O	
when	O	O	O	O	O	
men	B-PER	O	O	O	O	
were	O	O	O	O	O	
knighted	O	O	O	O	O	
from	O	O	O	O	O	
father	O	O	O	O	O	
to	O	O	O	O	O	
son	O	O	O	O	O	
,	O	O	O	O	O	
you	O	O	O	O	O	
would	O	O	O	O	O	
be	O	O	O	O	O	
Sir	B-PER	B-PER	O	O	O	
John	O	I-PER	O	O	O	
now	O	O	O	O	O	
.	O	O	O	O	O	
"	O	O	O	O	O	

"	O	O	O	O	O	
Ye	O	O	O	O	O	
do	O	O	O	O	O	
n't	O	O	O	O	O	
say	O	O	O	O	O	
so	O	O	O	O	O	
!	O	O	O	O	O	
"	O	O	O	O	O	

"	O	O	O	O	O	
In	O	O	O	O	O	
short	O	O	O	O	O	
,	O	O	O	O	O	
"	O	O	O	O	O	
concluded	O	O	O	O	O	
the	B-PER	O	O	O	O	
parson	I-PER	O	O	O	O	
,	O	O	O	O	O	
decisively	O	O	O	O	O	
smacking	O	O	O	O	O	
his	O	O	O	O	O	
leg	O	O	O	O	O	
with	O	O	O	O	O	
his	O	O	O	O	O	
switch	O	O	O	O	O	
,	O	O	O	O	O	
"	O	O	O	O	O	
there	O	O	O	O	O	
's	O	O	O	O	O	
hardly	O	O	O	O	O	
such	O	B-PER	O	O	O	
another	O	I-PER	O	O	O	
family	O	I-PER	O	O	O	
in	O	I-PER	O	O	O	
England	B-GPE	I-PER	O	O	O	
.	O	O	O	O	O	
"	O	O	O	O	O	

"	O	O	O	O	O	
Daze	O	O	O	O	O	
my	O	O	O	O	O	
eyes	O	O	O	O	O	
,	O	O	O	O	O	
and	O	O	O	O	O	
is	O	O	O	O	O	
n't	O	O	O	O	O	
there	O	O	O	O	O	
?	O	O	O	O	O	
"	O	O	O	O	O	

said	O	O	O	O	O	
Durbeyfield	B-PER	O	O	O	O	
.	O	O	O	O	O	

"	O	O	O	O	O	
And	O	O	O	O	O	
here	O	O	O	O	O	
have	O	O	O	O	O	
I	O	O	O	O	O	
been	O	O	O	O	O	
knocking	O	O	O	O	O	
about	O	O	O	O	O	
,	O	O	O	O	O	
year	O	O	O	O	O	
after	O	O	O	O	O	
year	O	O	O	O	O	
,	O	O	O	O	O	
from	O	O	O	O	O	
pillar	O	O	O	O	O	
to	O	O	O	O	O	
post	O	O	O	O	O	
,	O	O	O	O	O	
as	O	O	O	O	O	
if	O	O	O	O	O	
I	O	O	O	O	O	
was	O	O	O	O	O	
no	O	O	O	O	O	
more	O	O	O	O	O	
than	O	O	O	O	O	
the	O	B-PER	O	O	O	
commonest	O	I-PER	O	O	O	
feller	O	I-PER	O	O	O	
in	O	I-PER	O	O	O	
the	B-FAC	I-PER	O	O	O	
parish	I-FAC	I-PER	O	O	O	
...	O	O	O	O	O	
And	O	O	O	O	O	
how	O	O	O	O	O	
long	O	O	O	O	O	
hev	O	O	O	O	O	
this	O	O	O	O	O	
news	O	O	O	O	O	
about	O	O	O	O	O	
me	O	O	O	O	O	
been	O	O	O	O	O	
knowed	O	O	O	O	O	
,	O	O	O	O	O	
Pa	B-PER	O	O	O	O	
'	I-PER	O	O	O	O	
son	I-PER	O	O	O	O	
Tringham	I-PER	O	O	O	O	
?	O	O	O	O	O	
"	O	O	O	O	O	

The	B-PER	O	O	O	O	
clergyman	I-PER	O	O	O	O	
explained	O	O	O	O	O	
that	O	O	O	O	O	
,	O	O	O	O	O	
as	O	O	O	O	O	
far	O	O	O	O	O	
as	O	O	O	O	O	
he	O	O	O	O	O	
was	O	O	O	O	O	
aware	O	O	O	O	O	
,	O	O	O	O	O	
it	O	O	O	O	O	
had	O	O	O	O	O	
quite	O	O	O	O	O	
died	O	O	O	O	O	
out	O	O	O	O	O	
of	O	O	O	O	O	
knowledge	O	O	O	O	O	
,	O	O	O	O	O	
and	O	O	O	O	O	
could	O	O	O	O	O	
hardly	O	O	O	O	O	
be	O	O	O	O	O	
said	O	O	O	O	O	
to	O	O	O	O	O	
be	O	O	O	O	O	
known	O	O	O	O	O	
at	O	O	O	O	O	
all	O	O	O	O	O	
.	O	O	O	O	O	

His	O	O	O	O	O	
own	O	O	O	O	O	
investigations	O	O	O	O	O	
had	O	O	O	O	O	
begun	O	O	O	O	O	
on	O	O	O	O	O	
a	O	O	O	O	O	
day	O	O	O	O	O	
in	O	O	O	O	O	
the	O	O	O	O	O	
preceding	O	O	O	O	O	
spring	O	O	O	O	O	
when	O	O	O	O	O	
,	O	O	O	O	O	
having	O	O	O	O	O	
been	O	O	O	O	O	
engaged	O	O	O	O	O	
in	O	O	O	O	O	
tracing	O	O	O	O	O	
the	O	O	O	O	O	
vicissitudes	O	O	O	O	O	
of	O	O	O	O	O	
the	O	O	O	O	O	
d'Urberville	B-PER	O	O	O	O	
family	I-PER	O	O	O	O	
,	O	O	O	O	O	
he	O	O	O	O	O	
had	O	O	O	O	O	
observed	O	O	O	O	O	
Durbeyfield	B-PER	O	O	O	O	
's	O	O	O	O	O	
name	O	O	O	O	O	
on	O	O	O	O	O	
his	B-VEH	O	O	O	O	
waggon	I-VEH	O	O	O	O	
,	O	O	O	O	O	
and	O	O	O	O	O	
had	O	O	O	O	O	
thereupon	O	O	O	O	O	
been	O	O	O	O	O	
led	O	O	O	O	O	
to	O	O	O	O	O	
make	O	O	O	O	O	
inquiries	O	O	O	O	O	
about	O	O	O	O	O	
his	B-PER	O	O	O	O	
father	I-PER	O	O	O	O	
and	O	O	O	O	O	
grandfather	B-PER	O	O	O	O	
till	O	O	O	O	O	
he	O	O	O	O	O	
had	O	O	O	O	O	
no	O	O	O	O	O	
doubt	O	O	O	O	O	
on	O	O	O	O	O	
the	O	O	O	O	O	
subject	O	O	O	O	O	
.	O	O	O	O	O	

"	O	O	O	O	O	
At	O	O	O	O	O	
first	O	O	O	O	O	
I	O	O	O	O	O	
resolved	O	O	O	O	O	
not	O	O	O	O	O	
to	O	O	O	O	O	
disturb	O	O	O	O	O	
you	O	O	O	O	O	
with	O	O	O	O	O	
such	O	O	O	O	O	
a	O	O	O	O	O	
useless	O	O	O	O	O	
piece	O	O	O	O	O	
of	O	O	O	O	O	
information	O	O	O	O	O	
,	O	O	O	O	O	
"	O	O	O	O	O	
said	O	O	O	O	O	
he	O	O	O	O	O	
.	O	O	O	O	O	

"	O	O	O	O	O	
However	O	O	O	O	O	
,	O	O	O	O	O	
our	O	O	O	O	O	
impulses	O	O	O	O	O	
are	O	O	O	O	O	
too	O	O	O	O	O	
strong	O	O	O	O	O	
for	O	O	O	O	O	
our	O	O	O	O	O	
judgement	O	O	O	O	O	
sometimes	O	O	O	O	O	
.	O	O	O	O	O	

I	O	O	O	O	O	
thought	O	O	O	O	O	
you	O	O	O	O	O	
might	O	O	O	O	O	
perhaps	O	O	O	O	O	
know	O	O	O	O	O	
something	O	O	O	O	O	
of	O	O	O	O	O	
it	O	O	O	O	O	
all	O	O	O	O	O	
the	O	O	O	O	O	
while	O	O	O	O	O	
.	O	O	O	O	O	
"	O	O	O	O	O	

"	O	O	O	O	O	
Well	O	O	O	O	O	
,	O	O	O	O	O	
I	O	O	O	O	O	
have	O	O	O	O	O	
heard	O	O	O	O	O	
once	O	O	O	O	O	
or	O	O	O	O	O	
twice	O	O	O	O	O	
,	O	O	O	O	O	
't	O	O	O	O	O	
is	O	O	O	O	O	
true	O	O	O	O	O	
,	O	O	O	O	O	
that	O	O	O	O	O	
my	B-PER	O	O	O	O	
family	I-PER	O	O	O	O	
had	O	O	O	O	O	
seen	O	O	O	O	O	
better	O	O	O	O	O	
days	O	O	O	O	O	
afore	O	O	O	O	O	
they	O	O	O	O	O	
came	O	O	O	O	O	
to	O	O	O	O	O	
Blackmoor	B-LOC	O	O	O	O	
.	O	O	O	O	O	

But	O	O	O	O	O	
I	O	O	O	O	O	
took	O	O	O	O	O	
no	O	O	O	O	O	
notice	O	O	O	O	O	
o	O	O	O	O	O	
'	O	O	O	O	O	
t	O	O	O	O	O	
,	O	O	O	O	O	
thinking	O	O	O	O	O	
it	O	O	O	O	O	
to	O	O	O	O	O	
mean	O	O	O	O	O	
that	O	O	O	O	O	
we	O	O	O	O	O	
had	O	O	O	O	O	
once	O	O	O	O	O	
kept	O	O	O	O	O	
two	O	O	O	O	O	
horses	O	O	O	O	O	
where	O	O	O	O	O	
we	O	O	O	O	O	
now	O	O	O	O	O	
keep	O	O	O	O	O	
only	O	O	O	O	O	
one	O	O	O	O	O	
.	O	O	O	O	O	

I	O	O	O	O	O	
've	O	O	O	O	O	
got	O	O	O	O	O	
a	O	O	O	O	O	
wold	O	O	O	O	O	
silver	O	O	O	O	O	
spoon	O	O	O	O	O	
,	O	O	O	O	O	
and	O	O	O	O	O	
a	O	O	O	O	O	
wold	O	O	O	O	O	
graven	O	O	O	O	O	
seal	O	O	O	O	O	
at	O	O	O	O	O	
home	B-FAC	O	O	O	O	
,	O	O	O	O	O	
too	O	O	O	O	O	
;	O	O	O	O	O	
but	O	O	O	O	O	
,	O	O	O	O	O	
Lord	O	O	O	O	O	
,	O	O	O	O	O	
what	O	O	O	O	O	
's	O	O	O	O	O	
a	O	O	O	O	O	
spoon	O	O	O	O	O	
and	O	O	O	O	O	
seal	O	O	O	O	O	
?	O	O	O	O	O	

...	O	O	O	O	O	
And	O	O	O	O	O	
to	O	O	O	O	O	
think	O	O	O	O	O	
that	O	O	O	O	O	
I	O	O	O	O	O	
and	O	O	O	O	O	
these	O	O	O	O	O	
noble	O	O	O	O	O	
d'Urbervilles	B-PER	O	O	O	O	
were	O	O	O	O	O	
one	O	O	O	O	O	
flesh	O	O	O	O	O	
all	O	O	O	O	O	
the	O	O	O	O	O	
time	O	O	O	O	O	
.	O	O	O	O	O	

'T	O	O	O	O	O	
was	O	O	O	O	O	
said	O	O	O	O	O	
that	O	O	O	O	O	
my	O	O	O	O	O	
gr	O	O	O	O	O	
'	O	O	O	O	O	
t-granfer	O	O	O	O	O	
had	O	O	O	O	O	
secrets	O	O	O	O	O	
,	O	O	O	O	O	
and	O	O	O	O	O	
did	O	O	O	O	O	
n't	O	O	O	O	O	
care	O	O	O	O	O	
to	O	O	O	O	O	
talk	O	O	O	O	O	
of	O	O	O	O	O	
where	O	O	O	O	O	
he	O	O	O	O	O	
came	O	O	O	O	O	
from	O	O	O	O	O	
...	O	O	O	O	O	
And	O	O	O	O	O	
where	O	O	O	O	O	
do	O	O	O	O	O	
we	O	O	O	O	O	
raise	O	O	O	O	O	
our	O	O	O	O	O	
smoke	O	O	O	O	O	
,	O	O	O	O	O	
now	O	O	O	O	O	
,	O	O	O	O	O	
parson	B-PER	O	O	O	O	
,	O	O	O	O	O	
if	O	O	O	O	O	
I	O	O	O	O	O	
may	O	O	O	O	O	
make	O	O	O	O	O	
so	O	O	O	O	O	
bold	O	O	O	O	O	
;	O	O	O	O	O	
I	O	O	O	O	O	
mean	O	O	O	O	O	
,	O	O	O	O	O	
where	O	O	O	O	O	
do	O	O	O	O	O	
we	O	O	O	O	O	
d'Urbervilles	B-PER	O	O	O	O	
live	O	O	O	O	O	
?	O	O	O	O	O	
"	O	O	O	O	O	

"	O	O	O	O	O	
You	O	O	O	O	O	
do	O	O	O	O	O	
n't	O	O	O	O	O	
live	O	O	O	O	O	
anywhere	O	O	O	O	O	
.	O	O	O	O	O	

You	O	O	O	O	O	
are	O	O	O	O	O	
extinct	O	O	O	O	O	
--	O	O	O	O	O	
as	O	O	O	O	O	
a	O	B-PER	O	O	O	
county	B-FAC	I-PER	O	O	O	
family	O	I-PER	O	O	O	
.	O	O	O	O	O	
"	O	O	O	O	O	

"	O	O	O	O	O	
That	O	O	O	O	O	
's	O	O	O	O	O	
bad	O	O	O	O	O	
.	O	O	O	O	O	
"	O	O	O	O	O	

"	O	O	O	O	O	
Yes	O	O	O	O	O	
--	O	O	O	O	O	
what	O	O	O	O	O	
the	O	O	O	O	O	
mendacious	O	O	O	O	O	
family	O	O	O	O	O	
chronicles	O	O	O	O	O	
call	O	O	O	O	O	
extinct	O	O	O	O	O	
in	O	O	O	O	O	
the	O	O	O	O	O	
male	O	O	O	O	O	
line	O	O	O	O	O	
--	O	O	O	O	O	
that	O	O	O	O	O	
is	O	O	O	O	O	
,	O	O	O	O	O	
gone	O	O	O	O	O	
down	O	O	O	O	O	
--	O	O	O	O	O	
gone	O	O	O	O	O	
under	O	O	O	O	O	
.	O	O	O	O	O	
"	O	O	O	O	O	

"	O	O	O	O	O	
Then	O	O	O	O	O	
where	O	O	O	O	O	
do	O	O	O	O	O	
we	O	O	O	O	O	
lie	O	O	O	O	O	
?	O	O	O	O	O	
"	O	O	O	O	O	

"	O	O	O	O	O	
At	O	O	O	O	O	
Kingsbere-sub-Greenhill	B-LOC	O	O	O	O	
:	O	O	O	O	O	
rows	O	O	O	O	O	
and	O	O	O	O	O	
rows	O	O	O	O	O	
of	O	O	O	O	O	
you	O	O	O	O	O	
in	O	O	O	O	O	
your	O	O	O	O	O	
vaults	O	O	O	O	O	
,	O	O	O	O	O	
with	O	O	O	O	O	
your	O	O	O	O	O	
effigies	O	O	O	O	O	
under	O	O	O	O	O	
Purbeck-marble	O	O	O	O	O	
canopies	O	O	O	O	O	
.	O	O	O	O	O	
"	O	O	O	O	O	

"	O	O	O	O	O	
And	O	O	O	O	O	
where	O	O	O	O	O	
be	O	O	O	O	O	
our	B-FAC	O	O	O	O	
family	I-FAC	O	O	O	O	
mansions	I-FAC	O	O	O	O	
and	I-FAC	O	O	O	O	
estates	I-FAC	O	O	O	O	
?	O	O	O	O	O	
"	O	O	O	O	O	

"	O	O	O	O	O	
You	O	O	O	O	O	
have	O	O	O	O	O	
n't	O	O	O	O	O	
any	O	O	O	O	O	
.	O	O	O	O	O	
"	O	O	O	O	O	

"	O	O	O	O	O	
Oh	O	O	O	O	O	
?	O	O	O	O	O	

No	O	O	O	O	O	
lands	O	O	O	O	O	
neither	O	O	O	O	O	
?	O	O	O	O	O	
"	O	O	O	O	O	

"	O	O	O	O	O	
None	O	O	O	O	O	
;	O	O	O	O	O	
though	O	O	O	O	O	
you	O	O	O	O	O	
once	O	O	O	O	O	
had	O	O	O	O	O	
'em	O	O	O	O	O	
in	O	O	O	O	O	
abundance	O	O	O	O	O	
,	O	O	O	O	O	
as	O	O	O	O	O	
I	O	O	O	O	O	
said	O	O	O	O	O	
,	O	O	O	O	O	
for	O	O	O	O	O	
you	O	O	O	O	O	
family	B-PER	O	O	O	O	
consisted	O	O	O	O	O	
of	O	O	O	O	O	
numerous	O	O	O	O	O	
branches	O	O	O	O	O	
.	O	O	O	O	O	

In	O	O	O	O	O	
this	B-FAC	O	O	O	O	
county	I-FAC	O	O	O	O	
there	O	O	O	O	O	
was	O	O	O	O	O	
a	B-FAC	O	O	O	O	
seat	I-FAC	O	O	O	O	
of	I-FAC	O	O	O	O	
yours	I-FAC	O	O	O	O	
at	O	O	O	O	O	
Kingsbere	B-GPE	O	O	O	O	
,	O	O	O	O	O	
and	O	O	O	O	O	
another	O	O	O	O	O	
at	O	O	O	O	O	
Sherton	B-GPE	O	O	O	O	
,	O	O	O	O	O	
and	O	O	O	O	O	
another	O	O	O	O	O	
in	O	O	O	O	O	
Millpond	B-GPE	O	O	O	O	
,	O	O	O	O	O	
and	O	O	O	O	O	
another	O	O	O	O	O	
at	O	O	O	O	O	
Lullstead	B-GPE	O	O	O	O	
,	O	O	O	O	O	
and	O	O	O	O	O	
another	O	O	O	O	O	
at	O	O	O	O	O	
Wellbridge	B-GPE	O	O	O	O	
.	O	O	O	O	O	
"	O	O	O	O	O	

"	O	O	O	O	O	
And	O	O	O	O	O	
shall	O	O	O	O	O	
we	O	O	O	O	O	
ever	O	O	O	O	O	
come	O	O	O	O	O	
into	O	O	O	O	O	
our	O	O	O	O	O	
own	O	O	O	O	O	
again	O	O	O	O	O	
?	O	O	O	O	O	
"	O	O	O	O	O	

"	O	O	O	O	O	
Ah	O	O	O	O	O	
--	O	O	O	O	O	
that	O	O	O	O	O	
I	O	O	O	O	O	
ca	O	O	O	O	O	
n't	O	O	O	O	O	
tell	O	O	O	O	O	
!	O	O	O	O	O	
"	O	O	O	O	O	

"	O	O	O	O	O	
And	O	O	O	O	O	
what	O	O	O	O	O	
had	O	O	O	O	O	
I	O	O	O	O	O	
better	O	O	O	O	O	
do	O	O	O	O	O	
about	O	O	O	O	O	
it	O	O	O	O	O	
,	O	O	O	O	O	
sir	B-PER	O	O	O	O	
?	O	O	O	O	O	
"	O	O	O	O	O	

asked	O	O	O	O	O	
Durbeyfield	B-PER	O	O	O	O	
,	O	O	O	O	O	
after	O	O	O	O	O	
a	O	O	O	O	O	
pause	O	O	O	O	O	
.	O	O	O	O	O	

"	O	O	O	O	O	
Oh	O	O	O	O	O	
--	O	O	O	O	O	
nothing	O	O	O	O	O	
,	O	O	O	O	O	
nothing	O	O	O	O	O	
;	O	O	O	O	O	
except	O	O	O	O	O	
chasten	O	O	O	O	O	
yourself	O	O	O	O	O	
with	O	O	O	O	O	
the	O	O	O	O	O	
thought	O	O	O	O	O	
of	O	O	O	O	O	
'	O	O	O	O	O	
how	O	O	O	O	O	
are	O	O	O	O	O	
the	O	O	O	O	O	
mighty	O	O	O	O	O	
fallen	O	O	O	O	O	
.	O	O	O	O	O	
'	O	O	O	O	O	

It	O	O	O	O	O	
is	O	O	O	O	O	
a	O	O	O	O	O	
fact	O	O	O	O	O	
of	O	O	O	O	O	
some	O	O	O	O	O	
interest	O	O	O	O	O	
to	O	O	O	O	O	
the	B-PER	O	O	O	O	
local	I-PER	O	O	O	O	
historian	I-PER	O	O	O	O	
and	O	O	O	O	O	
genealogist	B-PER	O	O	O	O	
,	O	O	O	O	O	
nothing	O	O	O	O	O	
more	O	O	O	O	O	
.	O	O	O	O	O	

There	O	O	O	O	O	
are	O	O	O	O	O	
several	O	O	O	O	O	
families	O	O	O	O	O	
among	O	O	O	O	O	
the	O	B-PER	O	O	O	
cottagers	O	I-PER	O	O	O	
of	O	I-PER	O	O	O	
this	B-FAC	I-PER	O	O	O	
county	I-FAC	I-PER	O	O	O	
of	I-FAC	I-PER	O	O	O	
almost	I-FAC	I-PER	O	O	O	
equal	I-FAC	I-PER	O	O	O	
lustre	I-FAC	I-PER	O	O	O	
.	O	O	O	O	O	

Good	O	O	O	O	O	
night	O	O	O	O	O	
.	O	O	O	O	O	
"	O	O	O	O	O	

"	O	O	O	O	O	
But	O	O	O	O	O	
you	O	O	O	O	O	
'll	O	O	O	O	O	
turn	O	O	O	O	O	
back	O	O	O	O	O	
and	O	O	O	O	O	
have	O	O	O	O	O	
a	O	O	O	O	O	
quart	O	O	O	O	O	
of	O	O	O	O	O	
beer	O	O	O	O	O	
wi	O	O	O	O	O	
'	O	O	O	O	O	
me	O	O	O	O	O	
on	O	O	O	O	O	
the	O	O	O	O	O	
strength	O	O	O	O	O	
o	O	O	O	O	O	
'	O	O	O	O	O	
t	O	O	O	O	O	
,	O	O	O	O	O	
Pa	B-PER	O	O	O	O	
'	I-PER	O	O	O	O	
son	I-PER	O	O	O	O	
Tringham	I-PER	O	O	O	O	
?	O	O	O	O	O	

There	O	O	O	O	O	
's	O	O	O	O	O	
a	O	O	O	O	O	
very	O	O	O	O	O	
pretty	O	O	O	O	O	
brew	O	O	O	O	O	
in	O	O	O	O	O	
tap	O	O	O	O	O	
at	O	O	O	O	O	
The	B-FAC	O	O	O	O	
Pure	I-FAC	O	O	O	O	
Drop	I-FAC	O	O	O	O	
--	O	O	O	O	O	
though	O	O	O	O	O	
,	O	O	O	O	O	
to	O	O	O	O	O	
be	O	O	O	O	O	
sure	O	O	O	O	O	
,	O	O	O	O	O	
not	O	O	O	O	O	
so	O	O	O	O	O	
good	O	O	O	O	O	
as	O	O	O	O	O	
at	O	O	O	O	O	
Rolliver	B-FAC	O	O	O	O	
's	I-FAC	O	O	O	O	
.	O	O	O	O	O	
"	O	O	O	O	O	

"	O	O	O	O	O	
No	O	O	O	O	O	
,	O	O	O	O	O	
thank	O	O	O	O	O	
you	O	O	O	O	O	
--	O	O	O	O	O	
not	O	O	O	O	O	
this	O	O	O	O	O	
evening	O	O	O	O	O	
,	O	O	O	O	O	
Durbeyfield	B-PER	O	O	O	O	
.	O	O	O	O	O	

You	O	O	O	O	O	
've	O	O	O	O	O	
had	O	O	O	O	O	
enough	O	O	O	O	O	
already	O	O	O	O	O	
.	O	O	O	O	O	
"	O	O	O	O	O	

Concluding	O	O	O	O	O	
thus	O	O	O	O	O	
,	O	O	O	O	O	
the	B-PER	O	O	O	O	
parson	I-PER	O	O	O	O	
rode	O	O	O	O	O	
on	O	O	O	O	O	
his	O	O	O	O	O	
way	O	O	O	O	O	
,	O	O	O	O	O	
with	O	O	O	O	O	
doubts	O	O	O	O	O	
as	O	O	O	O	O	
to	O	O	O	O	O	
his	O	O	O	O	O	
discretion	O	O	O	O	O	
in	O	O	O	O	O	
retailing	O	O	O	O	O	
this	O	O	O	O	O	
curious	O	O	O	O	O	
bit	O	O	O	O	O	
of	O	O	O	O	O	
lore	O	O	O	O	O	
.	O	O	O	O	O	

When	O	O	O	O	O	
he	O	O	O	O	O	
was	O	O	O	O	O	
gone	O	O	O	O	O	
,	O	O	O	O	O	
Durbeyfield	B-PER	O	O	O	O	
walked	O	O	O	O	O	
a	O	O	O	O	O	
few	O	O	O	O	O	
steps	O	O	O	O	O	
in	O	O	O	O	O	
a	O	O	O	O	O	
profound	O	O	O	O	O	
reverie	O	O	O	O	O	
,	O	O	O	O	O	
and	O	O	O	O	O	
then	O	O	O	O	O	
sat	O	O	O	O	O	
down	O	O	O	O	O	
upon	O	O	O	O	O	
the	O	O	O	O	O	
grassy	O	O	O	O	O	
bank	O	O	O	O	O	
by	O	O	O	O	O	
the	B-FAC	O	O	O	O	
roadside	I-FAC	O	O	O	O	
,	O	O	O	O	O	
depositing	O	O	O	O	O	
his	O	O	O	O	O	
basket	O	O	O	O	O	
before	O	O	O	O	O	
him	O	O	O	O	O	
.	O	O	O	O	O	

In	O	O	O	O	O	
a	O	O	O	O	O	
few	O	O	O	O	O	
minutes	O	O	O	O	O	
a	B-PER	O	O	O	O	
youth	I-PER	O	O	O	O	
appeared	O	O	O	O	O	
in	O	O	O	O	O	
the	O	O	O	O	O	
distance	O	O	O	O	O	
,	O	O	O	O	O	
walking	O	O	O	O	O	
in	O	O	O	O	O	
the	O	O	O	O	O	
same	O	O	O	O	O	
direction	O	O	O	O	O	
as	O	O	O	O	O	
that	O	O	O	O	O	
which	O	O	O	O	O	
had	O	O	O	O	O	
been	O	O	O	O	O	
pursued	O	O	O	O	O	
by	O	O	O	O	O	
Durbeyfield	B-PER	O	O	O	O	
.	O	O	O	O	O	

The	O	O	O	O	O	
latter	O	O	O	O	O	
,	O	O	O	O	O	
on	O	O	O	O	O	
seeing	O	O	O	O	O	
him	O	O	O	O	O	
,	O	O	O	O	O	
held	O	O	O	O	O	
up	O	O	O	O	O	
his	O	O	O	O	O	
hand	O	O	O	O	O	
,	O	O	O	O	O	
and	O	O	O	O	O	
the	B-PER	O	O	O	O	
lad	I-PER	O	O	O	O	
quickened	O	O	O	O	O	
his	O	O	O	O	O	
pace	O	O	O	O	O	
and	O	O	O	O	O	
came	O	O	O	O	O	
near	O	O	O	O	O	
.	O	O	O	O	O	

"	O	O	O	O	O	
Boy	B-PER	O	O	O	O	
,	O	O	O	O	O	
take	O	O	O	O	O	
up	O	O	O	O	O	
that	O	O	O	O	O	
basket	O	O	O	O	O	
!	O	O	O	O	O	

I	O	O	O	O	O	
want	O	O	O	O	O	
'	O	O	O	O	O	
ee	O	O	O	O	O	
to	O	O	O	O	O	
go	O	O	O	O	O	
on	O	O	O	O	O	
an	O	O	O	O	O	
errand	O	O	O	O	O	
for	O	O	O	O	O	
me	O	O	O	O	O	
.	O	O	O	O	O	
"	O	O	O	O	O	

The	B-PER	O	O	O	O	
lath-like	I-PER	O	O	O	O	
stripling	I-PER	O	O	O	O	
frowned	O	O	O	O	O	
.	O	O	O	O	O	

"	O	O	O	O	O	
Who	O	O	O	O	O	
be	O	O	O	O	O	
you	O	O	O	O	O	
,	O	O	O	O	O	
then	O	O	O	O	O	
,	O	O	O	O	O	
John	B-PER	O	O	O	O	
Durbeyfield	I-PER	O	O	O	O	
,	O	O	O	O	O	
to	O	O	O	O	O	
order	O	O	O	O	O	
me	O	O	O	O	O	
about	O	O	O	O	O	
and	O	O	O	O	O	
call	O	O	O	O	O	
me	O	O	O	O	O	
'	O	O	O	O	O	
boy	B-PER	O	O	O	O	
'	O	O	O	O	O	
?	O	O	O	O	O	

You	O	O	O	O	O	
know	O	O	O	O	O	
my	O	O	O	O	O	
name	O	O	O	O	O	
as	O	O	O	O	O	
well	O	O	O	O	O	
as	O	O	O	O	O	
I	O	O	O	O	O	
know	O	O	O	O	O	
yours	O	O	O	O	O	
!	O	O	O	O	O	
"	O	O	O	O	O	

"	O	O	O	O	O	
Do	O	O	O	O	O	
you	O	O	O	O	O	
,	O	O	O	O	O	
do	O	O	O	O	O	
you	O	O	O	O	O	
?	O	O	O	O	O	

That	O	O	O	O	O	
's	O	O	O	O	O	
the	O	O	O	O	O	
secret	O	O	O	O	O	
--	O	O	O	O	O	
that	O	O	O	O	O	
's	O	O	O	O	O	
the	O	O	O	O	O	
secret	O	O	O	O	O	
!	O	O	O	O	O	

Now	O	O	O	O	O	
obey	O	O	O	O	O	
my	O	O	O	O	O	
orders	O	O	O	O	O	
,	O	O	O	O	O	
and	O	O	O	O	O	
take	O	O	O	O	O	
the	O	O	O	O	O	
message	O	O	O	O	O	
I	O	O	O	O	O	
'm	O	O	O	O	O	
going	O	O	O	O	O	
to	O	O	O	O	O	
charge	O	O	O	O	O	
'	O	O	O	O	O	
ee	O	O	O	O	O	
wi	O	O	O	O	O	
'	O	O	O	O	O	
...	O	O	O	O	O	
Well	O	O	O	O	O	
,	O	O	O	O	O	
Fred	B-PER	O	O	O	O	
,	O	O	O	O	O	
I	O	O	O	O	O	
do	O	O	O	O	O	
n't	O	O	O	O	O	
mind	O	O	O	O	O	
telling	O	O	O	O	O	
you	O	O	O	O	O	
that	O	O	O	O	O	
the	O	O	O	O	O	
secret	O	O	O	O	O	
is	O	O	O	O	O	
that	O	O	O	O	O	
I	O	O	O	O	O	
'm	O	O	O	O	O	
one	B-PER	O	O	O	O	
of	I-PER	O	O	O	O	
a	I-PER	O	O	O	O	
noble	I-PER	O	O	O	O	
race	I-PER	O	O	O	O	
--	O	O	O	O	O	
it	O	O	O	O	O	
has	O	O	O	O	O	
been	O	O	O	O	O	
just	O	O	O	O	O	
found	O	O	O	O	O	
out	O	O	O	O	O	
by	O	O	O	O	O	
me	O	O	O	O	O	
this	O	O	O	O	O	
present	O	O	O	O	O	
afternoon	O	O	O	O	O	
,	O	O	O	O	O	
P.M.	O	O	O	O	O	
"	O	O	O	O	O	
And	O	O	O	O	O	
as	O	O	O	O	O	
he	O	O	O	O	O	
made	O	O	O	O	O	
the	O	O	O	O	O	
announcement	O	O	O	O	O	
,	O	O	O	O	O	
Durbeyfield	B-PER	O	O	O	O	
,	O	O	O	O	O	
declining	O	O	O	O	O	
from	O	O	O	O	O	
his	O	O	O	O	O	
sitting	O	O	O	O	O	
position	O	O	O	O	O	
,	O	O	O	O	O	
luxuriously	O	O	O	O	O	
stretched	O	O	O	O	O	
himself	O	O	O	O	O	
out	O	O	O	O	O	
upon	O	O	O	O	O	
the	O	O	O	O	O	
bank	O	O	O	O	O	
among	O	O	O	O	O	
the	O	O	O	O	O	
daisies	O	O	O	O	O	
.	O	O	O	O	O	

The	B-PER	O	O	O	O	
lad	I-PER	O	O	O	O	
stood	O	O	O	O	O	
before	O	O	O	O	O	
Durbeyfield	B-PER	O	O	O	O	
,	O	O	O	O	O	
and	O	O	O	O	O	
contemplated	O	O	O	O	O	
his	O	O	O	O	O	
length	O	O	O	O	O	
from	O	O	O	O	O	
crown	O	O	O	O	O	
to	O	O	O	O	O	
toe	O	O	O	O	O	
.	O	O	O	O	O	

"	O	O	O	O	O	
Sir	B-PER	B-PER	O	O	O	
John	O	I-PER	O	O	O	
d'Urberville	O	I-PER	O	O	O	
--	O	O	O	O	O	
that	O	O	O	O	O	
's	O	O	O	O	O	
who	O	O	O	O	O	
I	O	O	O	O	O	
am	O	O	O	O	O	
,	O	O	O	O	O	
"	O	O	O	O	O	
continued	O	O	O	O	O	
the	B-PER	O	O	O	O	
prostrate	I-PER	O	O	O	O	
man	I-PER	O	O	O	O	
.	O	O	O	O	O	

"	O	O	O	O	O	
That	O	O	O	O	O	
is	O	O	O	O	O	
if	O	O	O	O	O	
knights	B-PER	O	O	O	O	
were	O	O	O	O	O	
baronets	B-PER	O	O	O	O	
--	O	O	O	O	O	
which	O	O	O	O	O	
they	O	O	O	O	O	
be	O	O	O	O	O	
.	O	O	O	O	O	

'T	O	O	O	O	O	
is	O	O	O	O	O	
recorded	O	O	O	O	O	
in	O	O	O	O	O	
history	O	O	O	O	O	
all	O	O	O	O	O	
about	O	O	O	O	O	
me	O	O	O	O	O	
.	O	O	O	O	O	

Dost	O	O	O	O	O	
know	O	O	O	O	O	
of	O	O	O	O	O	
such	O	O	O	O	O	
a	O	O	O	O	O	
place	O	O	O	O	O	
,	O	O	O	O	O	
lad	B-PER	O	O	O	O	
,	O	O	O	O	O	
as	O	O	O	O	O	
Kingsbere-sub-Greenhill	B-GPE	O	O	O	O	
?	O	O	O	O	O	
"	O	O	O	O	O	

"	O	O	O	O	O	
Ees	O	O	O	O	O	
.	O	O	O	O	O	

I	O	O	O	O	O	
've	O	O	O	O	O	
been	O	O	O	O	O	
there	B-GPE	O	O	O	O	
to	O	O	O	O	O	
Greenhill	O	O	O	O	O	
Fair	O	O	O	O	O	
.	O	O	O	O	O	
"	O	O	O	O	O	

"	O	O	O	O	O	
Well	O	O	O	O	O	
,	O	O	O	O	O	
under	O	O	O	O	O	
the	O	B-FAC	O	O	O	
church	O	I-FAC	O	O	O	
of	O	I-FAC	O	O	O	
that	B-GPE	I-FAC	O	O	O	
city	I-GPE	I-FAC	O	O	O	
there	O	O	O	O	O	
lie	O	O	O	O	O	
--	O	O	O	O	O	
"	O	O	O	O	O	
"	O	O	O	O	O	
'T	O	O	O	O	O	
is	O	O	O	O	O	
n't	O	O	O	O	O	
a	B-GPE	O	O	O	O	
city	I-GPE	O	O	O	O	
,	O	O	O	O	O	
the	B-GPE	O	O	O	O	
place	I-GPE	O	O	O	O	
I	O	O	O	O	O	
mean	O	O	O	O	O	
;	O	O	O	O	O	
leastwise	O	O	O	O	O	
'	O	O	O	O	O	
twaddn	O	O	O	O	O	
'	O	O	O	O	O	
when	O	O	O	O	O	
I	O	O	O	O	O	
was	O	O	O	O	O	
there	B-GPE	O	O	O	O	
--	O	O	O	O	O	
't	O	O	O	O	O	
was	O	O	O	O	O	
a	B-GPE	O	O	O	O	
little	I-GPE	O	O	O	O	
one-eyed	I-GPE	O	O	O	O	
,	I-GPE	O	O	O	O	
blinking	I-GPE	O	O	O	O	
sort	I-GPE	O	O	O	O	
o	I-GPE	O	O	O	O	
'	I-GPE	O	O	O	O	
place	I-GPE	O	O	O	O	
.	O	O	O	O	O	
"	O	O	O	O	O	

"	O	O	O	O	O	
Never	O	O	O	O	O	
you	O	O	O	O	O	
mind	O	O	O	O	O	
the	B-GPE	O	O	O	O	
place	I-GPE	O	O	O	O	
,	O	O	O	O	O	
boy	O	O	O	O	O	
,	O	O	O	O	O	
that	O	O	O	O	O	
's	O	O	O	O	O	
not	O	O	O	O	O	
the	O	O	O	O	O	
question	O	O	O	O	O	
before	O	O	O	O	O	
us	O	O	O	O	O	
.	O	O	O	O	O	

Under	O	O	O	O	O	
the	O	B-FAC	O	O	O	
church	O	I-FAC	O	O	O	
of	O	I-FAC	O	O	O	
that	B-FAC	I-FAC	O	O	O	
there	I-FAC	I-FAC	O	O	O	
parish	I-FAC	I-FAC	O	O	O	
lie	O	O	O	O	O	
my	B-PER	O	O	O	O	
ancestors	I-PER	O	O	O	O	
--	O	O	O	O	O	
hundreds	B-PER	O	O	O	O	
of	I-PER	O	O	O	O	
'em	I-PER	O	O	O	O	
--	O	O	O	O	O	
in	O	O	O	O	O	
coats	O	O	O	O	O	
of	O	O	O	O	O	
mail	O	O	O	O	O	
and	O	O	O	O	O	
jewels	O	O	O	O	O	
,	O	O	O	O	O	
in	O	O	O	O	O	
gr	O	O	O	O	O	
'	O	O	O	O	O	
t	O	O	O	O	O	
lead	O	O	O	O	O	
coffins	O	O	O	O	O	
weighing	O	O	O	O	O	
tons	O	O	O	O	O	
and	O	O	O	O	O	
tons	O	O	O	O	O	
.	O	O	O	O	O	

There	O	O	O	O	O	
's	O	O	O	O	O	
not	O	B-PER	O	O	O	
a	O	I-PER	O	O	O	
man	O	I-PER	O	O	O	
in	O	I-PER	O	O	O	
the	B-GPE	I-PER	O	O	O	
county	I-GPE	I-PER	O	O	O	
o	I-GPE	I-PER	O	O	O	
'	I-GPE	I-PER	O	O	O	
South-Wessex	I-GPE	I-PER	O	O	O	
that	O	O	O	O	O	
's	O	O	O	O	O	
got	O	O	O	O	O	
grander	O	B-PER	O	O	O	
and	O	I-PER	O	O	O	
nobler	O	I-PER	O	O	O	
skillentons	O	I-PER	O	O	O	
in	O	I-PER	O	O	O	
his	B-PER	I-PER	O	O	O	
family	I-PER	I-PER	O	O	O	
than	O	O	O	O	O	
I.	O	O	O	O	O	
"	O	O	O	O	O	
"	O	O	O	O	O	
Oh	O	O	O	O	O	
?	O	O	O	O	O	
"	O	O	O	O	O	

"	O	O	O	O	O	
Now	O	O	O	O	O	
take	O	O	O	O	O	
up	O	O	O	O	O	
that	O	O	O	O	O	
basket	O	O	O	O	O	
,	O	O	O	O	O	
and	O	O	O	O	O	
goo	O	O	O	O	O	
on	O	O	O	O	O	
to	O	O	O	O	O	
Marlott	B-GPE	O	O	O	O	
,	O	O	O	O	O	
and	O	O	O	O	O	
when	O	O	O	O	O	
you	O	O	O	O	O	
've	O	O	O	O	O	
come	O	O	O	O	O	
to	O	O	O	O	O	
The	B-FAC	O	O	O	O	
Pure	I-FAC	O	O	O	O	
Drop	I-FAC	O	O	O	O	
Inn	I-FAC	O	O	O	O	
,	O	O	O	O	O	
tell	O	O	O	O	O	
'em	O	O	O	O	O	
to	O	O	O	O	O	
send	O	O	O	O	O	
a	O	O	O	O	O	
horse	O	O	O	O	O	
and	O	O	O	O	O	
carriage	O	O	O	O	O	
to	O	O	O	O	O	
me	O	O	O	O	O	
immed	O	O	O	O	O	
'	O	O	O	O	O	
ately	O	O	O	O	O	
,	O	O	O	O	O	
to	O	O	O	O	O	
carry	O	O	O	O	O	
me	O	O	O	O	O	
hwome	B-FAC	O	O	O	O	
.	O	O	O	O	O	

And	O	O	O	O	O	
in	O	O	O	O	O	
the	O	O	O	O	O	
bottom	O	O	O	O	O	
o	O	O	O	O	O	
'	O	O	O	O	O	
the	B-VEH	O	O	O	O	
carriage	I-VEH	O	O	O	O	
they	O	O	O	O	O	
be	O	O	O	O	O	
to	O	O	O	O	O	
put	O	O	O	O	O	
a	O	O	O	O	O	
noggin	O	O	O	O	O	
o	O	O	O	O	O	
'	O	O	O	O	O	
rum	O	O	O	O	O	
in	O	O	O	O	O	
a	O	O	O	O	O	
small	O	O	O	O	O	
bottle	O	O	O	O	O	
,	O	O	O	O	O	
and	O	O	O	O	O	
chalk	O	O	O	O	O	
it	O	O	O	O	O	
up	O	O	O	O	O	
to	O	O	O	O	O	
my	O	O	O	O	O	
account	O	O	O	O	O	
.	O	O	O	O	O	

And	O	O	O	O	O	
when	O	O	O	O	O	
you	O	O	O	O	O	
've	O	O	O	O	O	
done	O	O	O	O	O	
that	O	O	O	O	O	
goo	O	O	O	O	O	
on	O	O	O	O	O	
to	O	O	O	O	O	
my	B-FAC	O	O	O	O	
house	I-FAC	O	O	O	O	
with	O	O	O	O	O	
the	O	O	O	O	O	
basket	O	O	O	O	O	
,	O	O	O	O	O	
and	O	O	O	O	O	
tell	O	O	O	O	O	
my	B-PER	O	O	O	O	
wife	I-PER	O	O	O	O	
to	O	O	O	O	O	
put	O	O	O	O	O	
away	O	O	O	O	O	
that	O	O	O	O	O	
washing	O	O	O	O	O	
,	O	O	O	O	O	
because	O	O	O	O	O	
she	O	O	O	O	O	
need	O	O	O	O	O	
n't	O	O	O	O	O	
finish	O	O	O	O	O	
it	O	O	O	O	O	
,	O	O	O	O	O	
and	O	O	O	O	O	
wait	O	O	O	O	O	
till	O	O	O	O	O	
I	O	O	O	O	O	
come	O	O	O	O	O	
hwome	B-FAC	O	O	O	O	
,	O	O	O	O	O	
as	O	O	O	O	O	
I	O	O	O	O	O	
've	O	O	O	O	O	
news	O	O	O	O	O	
to	O	O	O	O	O	
tell	O	O	O	O	O	
her	O	O	O	O	O	
.	O	O	O	O	O	
"	O	O	O	O	O	

As	O	O	O	O	O	
the	B-PER	O	O	O	O	
lad	I-PER	O	O	O	O	
stood	O	O	O	O	O	
in	O	O	O	O	O	
a	O	O	O	O	O	
dubious	O	O	O	O	O	
attitude	O	O	O	O	O	
,	O	O	O	O	O	
Durbeyfield	B-PER	O	O	O	O	
put	O	O	O	O	O	
his	O	O	O	O	O	
hand	O	O	O	O	O	
in	O	O	O	O	O	
his	O	O	O	O	O	
pocket	O	O	O	O	O	
,	O	O	O	O	O	
and	O	O	O	O	O	
produced	O	O	O	O	O	
a	O	O	O	O	O	
shilling	O	O	O	O	O	
,	O	O	O	O	O	
one	O	O	O	O	O	
of	O	O	O	O	O	
the	O	O	O	O	O	
chronically	O	O	O	O	O	
few	O	O	O	O	O	
that	O	O	O	O	O	
he	O	O	O	O	O	
possessed	O	O	O	O	O	
.	O	O	O	O	O	

"	O	O	O	O	O	
Here	O	O	O	O	O	
's	O	O	O	O	O	
for	O	O	O	O	O	
your	O	O	O	O	O	
labour	O	O	O	O	O	
,	O	O	O	O	O	
lad	B-PER	O	O	O	O	
.	O	O	O	O	O	
"	O	O	O	O	O	

This	O	O	O	O	O	
made	O	O	O	O	O	
a	O	O	O	O	O	
difference	O	O	O	O	O	
in	O	O	O	O	O	
the	B-PER	O	O	O	O	
young	I-PER	O	O	O	O	
man	I-PER	O	O	O	O	
's	O	O	O	O	O	
estimate	O	O	O	O	O	
of	O	O	O	O	O	
the	O	O	O	O	O	
position	O	O	O	O	O	
.	O	O	O	O	O	

