I	O	O	O	O	
am	O	O	O	O	
a	B-PER	O	O	O	
rather	I-PER	O	O	O	
elderly	I-PER	O	O	O	
man	I-PER	O	O	O	
.	O	O	O	O	

The	O	O	O	O	
nature	O	O	O	O	
of	O	O	O	O	
my	O	O	O	O	
avocations	O	O	O	O	
for	O	O	O	O	
the	O	O	O	O	
last	O	O	O	O	
thirty	O	O	O	O	
years	O	O	O	O	
has	O	O	O	O	
brought	O	O	O	O	
me	O	O	O	O	
into	O	O	O	O	
more	O	O	O	O	
than	O	O	O	O	
ordinary	O	O	O	O	
contact	O	O	O	O	
with	O	O	O	O	
what	O	O	O	O	
would	O	O	O	O	
seem	O	O	O	O	
an	O	O	O	O	
interesting	O	O	O	O	
and	O	O	O	O	
somewhat	O	O	O	O	
singular	O	O	O	O	
set	O	O	O	O	
of	O	O	O	O	
men	B-PER	O	O	O	
,	O	O	O	O	
of	O	O	O	O	
whom	O	O	O	O	
as	O	O	O	O	
yet	O	O	O	O	
nothing	O	O	O	O	
that	O	O	O	O	
I	O	O	O	O	
know	O	O	O	O	
of	O	O	O	O	
has	O	O	O	O	
ever	O	O	O	O	
been	O	O	O	O	
written	O	O	O	O	
:	O	O	O	O	
--	O	O	O	O	
I	O	O	O	O	
mean	O	O	O	O	
the	B-PER	O	O	O	
law-copyists	I-PER	O	O	O	
or	O	O	O	O	
scriveners	B-PER	O	O	O	
.	O	O	O	O	

I	O	O	O	O	
have	O	O	O	O	
known	O	O	O	O	
very	O	O	O	O	
many	O	O	O	O	
of	O	O	O	O	
them	O	O	O	O	
,	O	O	O	O	
professionally	O	O	O	O	
and	O	O	O	O	
privately	O	O	O	O	
,	O	O	O	O	
and	O	O	O	O	
if	O	O	O	O	
I	O	O	O	O	
pleased	O	O	O	O	
,	O	O	O	O	
could	O	O	O	O	
relate	O	O	O	O	
divers	O	O	O	O	
histories	O	O	O	O	
,	O	O	O	O	
at	O	O	O	O	
which	O	O	O	O	
good-natured	B-PER	O	O	O	
gentlemen	I-PER	O	O	O	
might	O	O	O	O	
smile	O	O	O	O	
,	O	O	O	O	
and	O	O	O	O	
sentimental	B-PER	O	O	O	
souls	I-PER	O	O	O	
might	O	O	O	O	
weep	O	O	O	O	
.	O	O	O	O	

But	O	O	O	O	
I	O	O	O	O	
waive	O	O	O	O	
the	O	O	O	O	
biographies	O	O	O	O	
of	O	O	O	O	
all	B-PER	O	O	O	
other	I-PER	O	O	O	
scriveners	I-PER	O	O	O	
for	O	O	O	O	
a	O	O	O	O	
few	O	O	O	O	
passages	O	O	O	O	
in	O	O	O	O	
the	O	O	O	O	
life	O	O	O	O	
of	O	O	O	O	
Bartleby	B-PER	O	O	O	
,	I-PER	O	O	O	
who	I-PER	O	O	O	
was	I-PER	O	O	O	
a	I-PER	O	O	O	
scrivener	I-PER	O	O	O	
of	I-PER	O	O	O	
the	I-PER	O	O	O	
strangest	I-PER	O	O	O	
I	I-PER	O	O	O	
ever	I-PER	O	O	O	
saw	I-PER	O	O	O	
or	I-PER	O	O	O	
heard	I-PER	O	O	O	
of	I-PER	O	O	O	
.	O	O	O	O	

While	O	O	O	O	
of	O	O	O	O	
other	B-PER	O	O	O	
law-copyists	I-PER	O	O	O	
I	O	O	O	O	
might	O	O	O	O	
write	O	O	O	O	
the	O	O	O	O	
complete	O	O	O	O	
life	O	O	O	O	
,	O	O	O	O	
of	O	O	O	O	
Bartleby	B-PER	O	O	O	
nothing	O	O	O	O	
of	O	O	O	O	
that	O	O	O	O	
sort	O	O	O	O	
can	O	O	O	O	
be	O	O	O	O	
done	O	O	O	O	
.	O	O	O	O	

I	O	O	O	O	
believe	O	O	O	O	
that	O	O	O	O	
no	O	O	O	O	
materials	O	O	O	O	
exist	O	O	O	O	
for	O	O	O	O	
a	O	O	O	O	
full	O	O	O	O	
and	O	O	O	O	
satisfactory	O	O	O	O	
biography	O	O	O	O	
of	O	O	O	O	
this	B-PER	O	O	O	
man	I-PER	O	O	O	
.	O	O	O	O	

It	O	O	O	O	
is	O	O	O	O	
an	O	O	O	O	
irreparable	O	O	O	O	
loss	O	O	O	O	
to	O	O	O	O	
literature	O	O	O	O	
.	O	O	O	O	

Bartleby	B-PER	O	O	O	
was	O	O	O	O	
one	O	O	O	O	
of	O	O	O	O	
those	O	O	O	O	
beings	O	O	O	O	
of	O	O	O	O	
whom	O	O	O	O	
nothing	O	O	O	O	
is	O	O	O	O	
ascertainable	O	O	O	O	
,	O	O	O	O	
except	O	O	O	O	
from	O	O	O	O	
the	O	O	O	O	
original	O	O	O	O	
sources	O	O	O	O	
,	O	O	O	O	
and	O	O	O	O	
in	O	O	O	O	
his	O	O	O	O	
case	O	O	O	O	
those	O	O	O	O	
are	O	O	O	O	
very	O	O	O	O	
small	O	O	O	O	
.	O	O	O	O	

What	O	O	O	O	
my	O	O	O	O	
own	O	O	O	O	
astonished	O	O	O	O	
eyes	O	O	O	O	
saw	O	O	O	O	
of	O	O	O	O	
Bartleby	B-PER	O	O	O	
,	O	O	O	O	
_	O	O	O	O	
that	O	O	O	O	
_	O	O	O	O	
is	O	O	O	O	
all	O	O	O	O	
I	O	O	O	O	
know	O	O	O	O	
of	O	O	O	O	
him	O	O	O	O	
,	O	O	O	O	
except	O	O	O	O	
,	O	O	O	O	
indeed	O	O	O	O	
,	O	O	O	O	
one	O	O	O	O	
vague	O	O	O	O	
report	O	O	O	O	
which	O	O	O	O	
will	O	O	O	O	
appear	O	O	O	O	
in	O	O	O	O	
the	O	O	O	O	
sequel	O	O	O	O	
.	O	O	O	O	

Ere	O	O	O	O	
introducing	O	O	O	O	
the	B-PER	O	O	O	
scrivener	I-PER	O	O	O	
,	O	O	O	O	
as	O	O	O	O	
he	O	O	O	O	
first	O	O	O	O	
appeared	O	O	O	O	
to	O	O	O	O	
me	O	O	O	O	
,	O	O	O	O	
it	O	O	O	O	
is	O	O	O	O	
fit	O	O	O	O	
I	O	O	O	O	
make	O	O	O	O	
some	O	O	O	O	
mention	O	O	O	O	
of	O	O	O	O	
myself	O	O	O	O	
,	O	O	O	O	
my	B-PER	O	O	O	
_	I-PER	O	O	O	
employees	I-PER	O	O	O	
_	I-PER	O	O	O	
,	O	O	O	O	
my	O	O	O	O	
business	B-ORG	O	O	O	
,	O	O	O	O	
my	O	O	O	O	
chambers	B-FAC	O	O	O	
,	O	O	O	O	
and	O	O	O	O	
general	B-LOC	O	O	O	
surroundings	I-LOC	O	O	O	
;	O	O	O	O	
because	O	O	O	O	
some	O	O	O	O	
such	O	O	O	O	
description	O	O	O	O	
is	O	O	O	O	
indispensable	O	O	O	O	
to	O	O	O	O	
an	O	O	O	O	
adequate	O	O	O	O	
understanding	O	O	O	O	
of	O	O	O	O	
the	B-PER	O	O	O	
chief	I-PER	O	O	O	
character	I-PER	O	O	O	
about	I-PER	O	O	O	
to	I-PER	O	O	O	
be	I-PER	O	O	O	
presented	I-PER	O	O	O	
.	O	O	O	O	

Imprimis	O	O	O	O	
:	O	O	O	O	
I	O	O	O	O	
am	O	O	O	O	
a	B-PER	O	O	O	
man	I-PER	O	O	O	
who	I-PER	O	O	O	
,	I-PER	O	O	O	
from	I-PER	O	O	O	
his	I-PER	O	O	O	
youth	I-PER	O	O	O	
upwards	I-PER	O	O	O	
,	I-PER	O	O	O	
has	I-PER	O	O	O	
been	I-PER	O	O	O	
filled	I-PER	O	O	O	
with	I-PER	O	O	O	
a	I-PER	O	O	O	
profound	I-PER	O	O	O	
conviction	I-PER	O	O	O	
that	I-PER	O	O	O	
the	I-PER	O	O	O	
easiest	I-PER	O	O	O	
way	I-PER	O	O	O	
of	I-PER	O	O	O	
life	I-PER	O	O	O	
is	I-PER	O	O	O	
the	I-PER	O	O	O	
best	I-PER	O	O	O	
.	O	O	O	O	

Hence	O	O	O	O	
,	O	O	O	O	
though	O	O	O	O	
I	O	O	O	O	
belong	O	O	O	O	
to	O	O	O	O	
a	O	O	O	O	
profession	O	O	O	O	
proverbially	O	O	O	O	
energetic	O	O	O	O	
and	O	O	O	O	
nervous	O	O	O	O	
,	O	O	O	O	
even	O	O	O	O	
to	O	O	O	O	
turbulence	O	O	O	O	
,	O	O	O	O	
at	O	O	O	O	
times	O	O	O	O	
,	O	O	O	O	
yet	O	O	O	O	
nothing	O	O	O	O	
of	O	O	O	O	
that	O	O	O	O	
sort	O	O	O	O	
have	O	O	O	O	
I	O	O	O	O	
ever	O	O	O	O	
suffered	O	O	O	O	
to	O	O	O	O	
invade	O	O	O	O	
my	O	O	O	O	
peace	O	O	O	O	
.	O	O	O	O	

I	O	O	O	O	
am	O	O	O	O	
one	O	O	B-PER	O	
of	O	O	I-PER	O	
those	O	B-PER	I-PER	O	
unambitious	O	I-PER	I-PER	O	
lawyers	O	I-PER	I-PER	O	
who	O	I-PER	I-PER	O	
never	O	I-PER	I-PER	O	
addresses	O	I-PER	I-PER	O	
a	B-PER	I-PER	I-PER	O	
jury	I-PER	I-PER	I-PER	O	
,	O	I-PER	I-PER	O	
or	O	I-PER	I-PER	O	
in	O	I-PER	I-PER	O	
any	O	I-PER	I-PER	O	
way	O	I-PER	I-PER	O	
draws	O	I-PER	I-PER	O	
down	O	I-PER	I-PER	O	
public	O	I-PER	I-PER	O	
applause	O	I-PER	I-PER	O	
;	O	O	O	O	
but	O	O	O	O	
in	O	O	O	O	
the	O	O	O	O	
cool	O	O	O	O	
tranquility	O	O	O	O	
of	O	O	O	O	
a	O	O	O	O	
snug	O	O	O	O	
retreat	O	O	O	O	
,	O	O	O	O	
do	O	O	O	O	
a	O	O	O	O	
snug	O	O	O	O	
business	O	O	O	O	
among	O	O	O	O	
rich	B-PER	O	O	O	
men	I-PER	O	O	O	
's	O	O	O	O	
bonds	O	O	O	O	
and	O	O	O	O	
mortgages	O	O	O	O	
and	O	O	O	O	
title-deeds	O	O	O	O	
.	O	O	O	O	

All	O	O	O	O	
who	O	O	O	O	
know	O	O	O	O	
me	O	O	O	O	
,	O	O	O	O	
consider	O	O	O	O	
me	O	O	O	O	
an	B-PER	O	O	O	
eminently	I-PER	O	O	O	
_	I-PER	O	O	O	
safe	I-PER	O	O	O	
_	I-PER	O	O	O	
man	I-PER	O	O	O	
.	O	O	O	O	

The	B-PER	O	O	O	
late	I-PER	O	O	O	
John	B-PER	O	O	O	
Jacob	I-PER	O	O	O	
Astor	I-PER	O	O	O	
,	O	O	O	O	
a	B-PER	O	O	O	
personage	I-PER	O	O	O	
little	I-PER	O	O	O	
given	I-PER	O	O	O	
to	I-PER	O	O	O	
poetic	I-PER	O	O	O	
enthusiasm	I-PER	O	O	O	
,	O	O	O	O	
had	O	O	O	O	
no	O	O	O	O	
hesitation	O	O	O	O	
in	O	O	O	O	
pronouncing	O	O	O	O	
my	O	O	O	O	
first	O	O	O	O	
grand	O	O	O	O	
point	O	O	O	O	
to	O	O	O	O	
be	O	O	O	O	
prudence	O	O	O	O	
;	O	O	O	O	
my	O	O	O	O	
next	O	O	O	O	
,	O	O	O	O	
method	O	O	O	O	
.	O	O	O	O	

I	O	O	O	O	
do	O	O	O	O	
not	O	O	O	O	
speak	O	O	O	O	
it	O	O	O	O	
in	O	O	O	O	
vanity	O	O	O	O	
,	O	O	O	O	
but	O	O	O	O	
simply	O	O	O	O	
record	O	O	O	O	
the	O	O	O	O	
fact	O	O	O	O	
,	O	O	O	O	
that	O	O	O	O	
I	O	O	O	O	
was	O	O	O	O	
not	O	O	O	O	
unemployed	O	O	O	O	
in	O	O	O	O	
my	O	O	O	O	
profession	O	O	O	O	
by	O	O	O	O	
the	B-PER	O	O	O	
late	I-PER	O	O	O	
John	I-PER	O	O	O	
Jacob	I-PER	O	O	O	
Astor	I-PER	O	O	O	
;	O	O	O	O	
a	O	O	O	O	
name	O	O	O	O	
which	O	O	O	O	
,	O	O	O	O	
I	O	O	O	O	
admit	O	O	O	O	
,	O	O	O	O	
I	O	O	O	O	
love	O	O	O	O	
to	O	O	O	O	
repeat	O	O	O	O	
,	O	O	O	O	
for	O	O	O	O	
it	O	O	O	O	
hath	O	O	O	O	
a	O	O	O	O	
rounded	O	O	O	O	
and	O	O	O	O	
orbicular	O	O	O	O	
sound	O	O	O	O	
to	O	O	O	O	
it	O	O	O	O	
,	O	O	O	O	
and	O	O	O	O	
rings	O	O	O	O	
like	O	O	O	O	
unto	O	O	O	O	
bullion	O	O	O	O	
.	O	O	O	O	

I	O	O	O	O	
will	O	O	O	O	
freely	O	O	O	O	
add	O	O	O	O	
,	O	O	O	O	
that	O	O	O	O	
I	O	O	O	O	
was	O	O	O	O	
not	O	O	O	O	
insensible	O	O	O	O	
to	O	O	O	O	
the	B-PER	O	O	O	
late	I-PER	O	O	O	
John	I-PER	O	O	O	
Jacob	I-PER	O	O	O	
Astor	I-PER	O	O	O	
's	O	O	O	O	
good	O	O	O	O	
opinion	O	O	O	O	
.	O	O	O	O	

Some	O	O	O	O	
time	O	O	O	O	
prior	O	O	O	O	
to	O	O	O	O	
the	O	O	O	O	
period	O	O	O	O	
at	O	O	O	O	
which	O	O	O	O	
this	O	O	O	O	
little	O	O	O	O	
history	O	O	O	O	
begins	O	O	O	O	
,	O	O	O	O	
my	O	O	O	O	
avocations	O	O	O	O	
had	O	O	O	O	
been	O	O	O	O	
largely	O	O	O	O	
increased	O	O	O	O	
.	O	O	O	O	

The	O	O	O	O	
good	O	O	O	O	
old	O	O	O	O	
office	O	O	O	O	
,	O	O	O	O	
now	O	O	O	O	
extinct	O	O	O	O	
in	O	O	O	O	
the	B-GPE	O	O	O	
State	I-GPE	O	O	O	
of	I-GPE	O	O	O	
New	I-GPE	O	O	O	
York	I-GPE	O	O	O	
,	O	O	O	O	
of	O	O	O	O	
a	O	O	O	O	
Master	O	O	O	O	
in	O	O	O	O	
Chancery	O	O	O	O	
,	O	O	O	O	
had	O	O	O	O	
been	O	O	O	O	
conferred	O	O	O	O	
upon	O	O	O	O	
me	O	O	O	O	
.	O	O	O	O	

It	O	O	O	O	
was	O	O	O	O	
not	O	O	O	O	
a	O	O	O	O	
very	O	O	O	O	
arduous	O	O	O	O	
office	O	O	O	O	
,	O	O	O	O	
but	O	O	O	O	
very	O	O	O	O	
pleasantly	O	O	O	O	
remunerative	O	O	O	O	
.	O	O	O	O	

I	O	O	O	O	
seldom	O	O	O	O	
lose	O	O	O	O	
my	O	O	O	O	
temper	O	O	O	O	
;	O	O	O	O	
much	O	O	O	O	
more	O	O	O	O	
seldom	O	O	O	O	
indulge	O	O	O	O	
in	O	O	O	O	
dangerous	O	O	O	O	
indignation	O	O	O	O	
at	O	O	O	O	
wrongs	O	O	O	O	
and	O	O	O	O	
outrages	O	O	O	O	
;	O	O	O	O	
but	O	O	O	O	
I	O	O	O	O	
must	O	O	O	O	
be	O	O	O	O	
permitted	O	O	O	O	
to	O	O	O	O	
be	O	O	O	O	
rash	O	O	O	O	
here	O	O	O	O	
and	O	O	O	O	
declare	O	O	O	O	
,	O	O	O	O	
that	O	O	O	O	
I	O	O	O	O	
consider	O	O	O	O	
the	O	O	O	O	
sudden	O	O	O	O	
and	O	O	O	O	
violent	O	O	O	O	
abrogation	O	O	O	O	
of	O	O	O	O	
the	O	O	O	O	
office	O	O	O	O	
of	O	O	O	O	
Master	O	O	O	O	
in	O	O	O	O	
Chancery	O	O	O	O	
,	O	O	O	O	
by	O	O	O	O	
the	O	O	O	O	
new	O	O	O	O	
Constitution	O	O	O	O	
,	O	O	O	O	
as	O	O	O	O	
a	O	O	O	O	
--	O	O	O	O	
premature	O	O	O	O	
act	O	O	O	O	
;	O	O	O	O	
inasmuch	O	O	O	O	
as	O	O	O	O	
I	O	O	O	O	
had	O	O	O	O	
counted	O	O	O	O	
upon	O	O	O	O	
a	O	O	O	O	
life-lease	O	O	O	O	
of	O	O	O	O	
the	O	O	O	O	
profits	O	O	O	O	
,	O	O	O	O	
whereas	O	O	O	O	
I	O	O	O	O	
only	O	O	O	O	
received	O	O	O	O	
those	O	O	O	O	
of	O	O	O	O	
a	O	O	O	O	
few	O	O	O	O	
short	O	O	O	O	
years	O	O	O	O	
.	O	O	O	O	

But	O	O	O	O	
this	O	O	O	O	
is	O	O	O	O	
by	O	O	O	O	
the	O	O	O	O	
way	O	O	O	O	
.	O	O	O	O	

My	B-FAC	O	O	O	
chambers	I-FAC	O	O	O	
were	O	O	O	O	
up	O	O	O	O	
stairs	B-FAC	O	O	O	
at	O	O	O	O	
No	O	O	O	O	
.	O	O	O	O	

--	O	O	O	O	
Wall-street	B-FAC	O	O	O	
.	O	O	O	O	

At	O	O	O	O	
one	O	O	O	O	
end	O	O	O	O	
they	O	O	O	O	
looked	O	O	O	O	
upon	O	O	O	O	
the	O	O	O	O	
white	O	O	O	O	
wall	O	O	O	O	
of	O	O	O	O	
the	O	O	O	O	
interior	O	O	O	O	
of	O	O	O	O	
a	O	B-FAC	O	O	
spacious	O	I-FAC	O	O	
sky-light	O	I-FAC	O	O	
shaft	O	I-FAC	O	O	
,	O	I-FAC	O	O	
penetrating	O	I-FAC	O	O	
the	B-FAC	I-FAC	O	O	
building	I-FAC	I-FAC	O	O	
from	O	I-FAC	O	O	
top	O	I-FAC	O	O	
to	O	I-FAC	O	O	
bottom	O	I-FAC	O	O	
.	O	O	O	O	

This	O	O	O	O	
view	O	O	O	O	
might	O	O	O	O	
have	O	O	O	O	
been	O	O	O	O	
considered	O	O	O	O	
rather	O	O	O	O	
tame	O	O	O	O	
than	O	O	O	O	
otherwise	O	O	O	O	
,	O	O	O	O	
deficient	O	O	O	O	
in	O	O	O	O	
what	O	O	O	O	
landscape	B-PER	O	O	O	
painters	I-PER	O	O	O	
call	O	O	O	O	
"	O	O	O	O	
life	O	O	O	O	
.	O	O	O	O	
"	O	O	O	O	

But	O	O	O	O	
if	O	O	O	O	
so	O	O	O	O	
,	O	O	O	O	
the	O	O	O	O	
view	O	O	O	O	
from	O	O	O	O	
the	O	O	O	O	
other	O	O	O	O	
end	O	O	O	O	
of	O	O	O	O	
my	B-FAC	O	O	O	
chambers	I-FAC	O	O	O	
offered	O	O	O	O	
,	O	O	O	O	
at	O	O	O	O	
least	O	O	O	O	
,	O	O	O	O	
a	O	O	O	O	
contrast	O	O	O	O	
,	O	O	O	O	
if	O	O	O	O	
nothing	O	O	O	O	
more	O	O	O	O	
.	O	O	O	O	

In	O	O	O	O	
that	O	O	O	O	
direction	O	O	O	O	
my	O	O	O	O	
windows	O	O	O	O	
commanded	O	O	O	O	
an	O	O	O	O	
unobstructed	O	O	O	O	
view	O	O	O	O	
of	O	O	O	O	
a	O	O	O	O	
lofty	O	O	O	O	
brick	O	O	O	O	
wall	O	O	O	O	
,	O	O	O	O	
black	O	O	O	O	
by	O	O	O	O	
age	O	O	O	O	
and	O	O	O	O	
everlasting	O	O	O	O	
shade	O	O	O	O	
;	O	O	O	O	
which	O	O	O	O	
wall	O	O	O	O	
required	O	O	O	O	
no	O	O	O	O	
spy-glass	O	O	O	O	
to	O	O	O	O	
bring	O	O	O	O	
out	O	O	O	O	
its	O	O	O	O	
lurking	O	O	O	O	
beauties	O	O	O	O	
,	O	O	O	O	
but	O	O	O	O	
for	O	O	O	O	
the	O	O	O	O	
benefit	O	O	O	O	
of	O	O	O	O	
all	B-PER	O	O	O	
near-sighted	I-PER	O	O	O	
spectators	I-PER	O	O	O	
,	O	O	O	O	
was	O	O	O	O	
pushed	O	O	O	O	
up	O	O	O	O	
to	O	O	O	O	
within	O	O	O	O	
ten	O	O	O	O	
feet	O	O	O	O	
of	O	O	O	O	
my	O	O	O	O	
window	O	O	O	O	
panes	O	O	O	O	
.	O	O	O	O	

Owing	O	O	O	O	
to	O	O	O	O	
the	O	O	O	O	
great	O	O	O	O	
height	O	O	O	O	
of	O	O	O	O	
the	B-FAC	O	O	O	
surrounding	I-FAC	O	O	O	
buildings	I-FAC	O	O	O	
,	O	O	O	O	
and	O	O	O	O	
my	B-FAC	O	O	O	
chambers	I-FAC	O	O	O	
being	O	O	O	O	
on	O	O	O	O	
the	O	O	O	O	
second	O	O	O	O	
floor	O	O	O	O	
,	O	O	O	O	
the	O	O	O	O	
interval	O	O	O	O	
between	O	O	O	O	
this	O	O	O	O	
wall	O	O	O	O	
and	O	O	O	O	
mine	O	O	O	O	
not	O	O	O	O	
a	O	O	O	O	
little	O	O	O	O	
resembled	O	O	O	O	
a	O	O	O	O	
huge	O	O	O	O	
square	O	O	O	O	
cistern	O	O	O	O	
.	O	O	O	O	

At	O	O	O	O	
the	O	O	O	O	
period	O	O	O	O	
just	O	O	O	O	
preceding	O	O	O	O	
the	O	O	O	O	
advent	O	O	O	O	
of	O	O	O	O	
Bartleby	B-PER	O	O	O	
,	O	O	O	O	
I	O	O	O	O	
had	O	O	O	O	
two	B-PER	O	O	O	
persons	I-PER	O	O	O	
as	O	O	O	O	
copyists	B-PER	O	O	O	
in	O	O	O	O	
my	O	O	O	O	
employment	O	O	O	O	
,	O	O	O	O	
and	O	O	O	O	
a	B-PER	O	O	O	
promising	I-PER	O	O	O	
lad	I-PER	O	O	O	
as	O	O	O	O	
an	B-PER	O	O	O	
office-boy	I-PER	O	O	O	
.	O	O	O	O	

First	O	O	O	O	
,	O	O	O	O	
Turkey	B-PER	O	O	O	
;	O	O	O	O	
second	O	O	O	O	
,	O	O	O	O	
Nippers	B-PER	O	O	O	
;	O	O	O	O	
third	O	O	O	O	
,	O	O	O	O	
Ginger	B-PER	O	O	O	
Nut	I-PER	O	O	O	
.	O	O	O	O	

These	O	O	O	O	
may	O	O	O	O	
seem	O	O	O	O	
names	O	O	O	O	
,	O	O	O	O	
the	O	O	O	O	
like	O	O	O	O	
of	O	O	O	O	
which	O	O	O	O	
are	O	O	O	O	
not	O	O	O	O	
usually	O	O	O	O	
found	O	O	O	O	
in	O	O	O	O	
the	O	O	O	O	
Directory	O	O	O	O	
.	O	O	O	O	

In	O	O	O	O	
truth	O	O	O	O	
they	O	O	O	O	
were	O	O	O	O	
nicknames	O	O	O	O	
,	O	O	O	O	
mutually	O	O	O	O	
conferred	O	O	O	O	
upon	O	O	O	O	
each	O	O	O	O	
other	O	O	O	O	
by	O	O	O	O	
my	B-PER	O	O	O	
three	I-PER	O	O	O	
clerks	I-PER	O	O	O	
,	O	O	O	O	
and	O	O	O	O	
were	O	O	O	O	
deemed	O	O	O	O	
expressive	O	O	O	O	
of	O	O	O	O	
their	B-PER	O	O	O	
respective	I-PER	O	O	O	
persons	I-PER	O	O	O	
or	O	O	O	O	
characters	B-PER	O	O	O	
.	O	O	O	O	

Turkey	B-PER	O	O	O	
was	O	O	O	O	
a	B-PER	O	O	O	
short	I-PER	O	O	O	
,	I-PER	O	O	O	
pursy	I-PER	O	O	O	
Englishman	I-PER	O	O	O	
of	I-PER	O	O	O	
about	I-PER	O	O	O	
my	I-PER	O	O	O	
own	I-PER	O	O	O	
age	I-PER	O	O	O	
,	O	O	O	O	
that	O	O	O	O	
is	O	O	O	O	
,	O	O	O	O	
somewhere	O	O	O	O	
not	O	O	O	O	
far	O	O	O	O	
from	O	O	O	O	
sixty	O	O	O	O	
.	O	O	O	O	

In	O	O	O	O	
the	O	O	O	O	
morning	O	O	O	O	
,	O	O	O	O	
one	O	O	O	O	
might	O	O	O	O	
say	O	O	O	O	
,	O	O	O	O	
his	O	O	O	O	
face	O	O	O	O	
was	O	O	O	O	
of	O	O	O	O	
a	O	O	O	O	
fine	O	O	O	O	
florid	O	O	O	O	
hue	O	O	O	O	
,	O	O	O	O	
but	O	O	O	O	
after	O	O	O	O	
twelve	O	O	O	O	
o'clock	O	O	O	O	
,	O	O	O	O	
meridian	O	O	O	O	
--	O	O	O	O	
his	O	O	O	O	
dinner	O	O	O	O	
hour	O	O	O	O	
--	O	O	O	O	
it	O	O	O	O	
blazed	O	O	O	O	
like	O	O	O	O	
a	O	O	O	O	
grate	O	O	O	O	
full	O	O	O	O	
of	O	O	O	O	
Christmas	O	O	O	O	
coals	O	O	O	O	
;	O	O	O	O	
and	O	O	O	O	
continued	O	O	O	O	
blazing	O	O	O	O	
--	O	O	O	O	
but	O	O	O	O	
,	O	O	O	O	
as	O	O	O	O	
it	O	O	O	O	
were	O	O	O	O	
,	O	O	O	O	
with	O	O	O	O	
a	O	O	O	O	
gradual	O	O	O	O	
wane	O	O	O	O	
--	O	O	O	O	
till	O	O	O	O	
6	O	O	O	O	
o'clock	O	O	O	O	
,	O	O	O	O	
P.M.	O	O	O	O	
or	O	O	O	O	
thereabouts	O	O	O	O	
,	O	O	O	O	
after	O	O	O	O	
which	O	O	O	O	
I	O	O	O	O	
saw	O	O	O	O	
no	O	O	O	O	
more	O	O	O	O	
of	O	O	O	O	
the	B-PER	O	O	O	
proprietor	I-PER	O	O	O	
of	I-PER	O	O	O	
the	I-PER	O	O	O	
face	I-PER	O	O	O	
,	I-PER	O	O	O	
which	I-PER	O	O	O	
gaining	I-PER	O	O	O	
its	I-PER	O	O	O	
meridian	I-PER	O	O	O	
with	I-PER	O	O	O	
the	I-PER	O	O	O	
sun	I-PER	O	O	O	
,	I-PER	O	O	O	
seemed	I-PER	O	O	O	
to	I-PER	O	O	O	
set	I-PER	O	O	O	
with	I-PER	O	O	O	
it	I-PER	O	O	O	
,	I-PER	O	O	O	
to	I-PER	O	O	O	
rise	I-PER	O	O	O	
,	I-PER	O	O	O	
culminate	I-PER	O	O	O	
,	I-PER	O	O	O	
and	I-PER	O	O	O	
decline	I-PER	O	O	O	
the	I-PER	O	O	O	
following	I-PER	O	O	O	
day	I-PER	O	O	O	
,	I-PER	O	O	O	
with	I-PER	O	O	O	
the	I-PER	O	O	O	
like	I-PER	O	O	O	
regularity	I-PER	O	O	O	
and	I-PER	O	O	O	
undiminished	I-PER	O	O	O	
glory	I-PER	O	O	O	
.	O	O	O	O	

There	O	O	O	O	
are	O	O	O	O	
many	O	O	O	O	
singular	O	O	O	O	
coincidences	O	O	O	O	
I	O	O	O	O	
have	O	O	O	O	
known	O	O	O	O	
in	O	O	O	O	
the	O	O	O	O	
course	O	O	O	O	
of	O	O	O	O	
my	O	O	O	O	
life	O	O	O	O	
,	O	O	O	O	
not	O	O	O	O	
the	O	O	O	O	
least	O	O	O	O	
among	O	O	O	O	
which	O	O	O	O	
was	O	O	O	O	
the	O	O	O	O	
fact	O	O	O	O	
,	O	O	O	O	
that	O	O	O	O	
exactly	O	O	O	O	
when	O	O	O	O	
Turkey	B-PER	O	O	O	
displayed	O	O	O	O	
his	O	O	O	O	
fullest	O	O	O	O	
beams	O	O	O	O	
from	O	O	O	O	
his	O	O	O	O	
red	O	O	O	O	
and	O	O	O	O	
radiant	O	O	O	O	
countenance	O	O	O	O	
,	O	O	O	O	
just	O	O	O	O	
then	O	O	O	O	
,	O	O	O	O	
too	O	O	O	O	
,	O	O	O	O	
at	O	O	O	O	
that	O	O	O	O	
critical	O	O	O	O	
moment	O	O	O	O	
,	O	O	O	O	
began	O	O	O	O	
the	O	O	O	O	
daily	O	O	O	O	
period	O	O	O	O	
when	O	O	O	O	
I	O	O	O	O	
considered	O	O	O	O	
his	O	O	O	O	
business	O	O	O	O	
capacities	O	O	O	O	
as	O	O	O	O	
seriously	O	O	O	O	
disturbed	O	O	O	O	
for	O	O	O	O	
the	O	O	O	O	
remainder	O	O	O	O	
of	O	O	O	O	
the	O	O	O	O	
twenty-four	O	O	O	O	
hours	O	O	O	O	
.	O	O	O	O	

Not	O	O	O	O	
that	O	O	O	O	
he	O	O	O	O	
was	O	O	O	O	
absolutely	O	O	O	O	
idle	O	O	O	O	
,	O	O	O	O	
or	O	O	O	O	
averse	O	O	O	O	
to	O	O	O	O	
business	O	O	O	O	
then	O	O	O	O	
;	O	O	O	O	
far	O	O	O	O	
from	O	O	O	O	
it	O	O	O	O	
.	O	O	O	O	

The	O	O	O	O	
difficulty	O	O	O	O	
was	O	O	O	O	
,	O	O	O	O	
he	O	O	O	O	
was	O	O	O	O	
apt	O	O	O	O	
to	O	O	O	O	
be	O	O	O	O	
altogether	O	O	O	O	
too	O	O	O	O	
energetic	O	O	O	O	
.	O	O	O	O	

There	O	O	O	O	
was	O	O	O	O	
a	O	O	O	O	
strange	O	O	O	O	
,	O	O	O	O	
inflamed	O	O	O	O	
,	O	O	O	O	
flurried	O	O	O	O	
,	O	O	O	O	
flighty	O	O	O	O	
recklessness	O	O	O	O	
of	O	O	O	O	
activity	O	O	O	O	
about	O	O	O	O	
him	O	O	O	O	
.	O	O	O	O	

He	O	O	O	O	
would	O	O	O	O	
be	O	O	O	O	
incautious	O	O	O	O	
in	O	O	O	O	
dipping	O	O	O	O	
his	O	O	O	O	
pen	O	O	O	O	
into	O	O	O	O	
his	O	O	O	O	
inkstand	O	O	O	O	
.	O	O	O	O	

All	O	O	O	O	
his	O	O	O	O	
blots	O	O	O	O	
upon	O	O	O	O	
my	O	O	O	O	
documents	O	O	O	O	
,	O	O	O	O	
were	O	O	O	O	
dropped	O	O	O	O	
there	O	O	O	O	
after	O	O	O	O	
twelve	O	O	O	O	
o'clock	O	O	O	O	
,	O	O	O	O	
meridian	O	O	O	O	
.	O	O	O	O	

Indeed	O	O	O	O	
,	O	O	O	O	
not	O	O	O	O	
only	O	O	O	O	
would	O	O	O	O	
he	O	O	O	O	
be	O	O	O	O	
reckless	O	O	O	O	
and	O	O	O	O	
sadly	O	O	O	O	
given	O	O	O	O	
to	O	O	O	O	
making	O	O	O	O	
blots	O	O	O	O	
in	O	O	O	O	
the	O	O	O	O	
afternoon	O	O	O	O	
,	O	O	O	O	
but	O	O	O	O	
some	O	O	O	O	
days	O	O	O	O	
he	O	O	O	O	
went	O	O	O	O	
further	O	O	O	O	
,	O	O	O	O	
and	O	O	O	O	
was	O	O	O	O	
rather	O	O	O	O	
noisy	O	O	O	O	
.	O	O	O	O	

At	O	O	O	O	
such	O	O	O	O	
times	O	O	O	O	
,	O	O	O	O	
too	O	O	O	O	
,	O	O	O	O	
his	O	O	O	O	
face	O	O	O	O	
flamed	O	O	O	O	
with	O	O	O	O	
augmented	O	O	O	O	
blazonry	O	O	O	O	
,	O	O	O	O	
as	O	O	O	O	
if	O	O	O	O	
cannel	O	O	O	O	
coal	O	O	O	O	
had	O	O	O	O	
been	O	O	O	O	
heaped	O	O	O	O	
on	O	O	O	O	
anthracite	O	O	O	O	
.	O	O	O	O	

He	O	O	O	O	
made	O	O	O	O	
an	O	O	O	O	
unpleasant	O	O	O	O	
racket	O	O	O	O	
with	O	O	O	O	
his	O	O	O	O	
chair	O	O	O	O	
;	O	O	O	O	
spilled	O	O	O	O	
his	O	O	O	O	
sand-box	O	O	O	O	
;	O	O	O	O	
in	O	O	O	O	
mending	O	O	O	O	
his	O	O	O	O	
pens	O	O	O	O	
,	O	O	O	O	
impatiently	O	O	O	O	
split	O	O	O	O	
them	O	O	O	O	
all	O	O	O	O	
to	O	O	O	O	
pieces	O	O	O	O	
,	O	O	O	O	
and	O	O	O	O	
threw	O	O	O	O	
them	O	O	O	O	
on	O	O	O	O	
the	O	O	O	O	
floor	O	O	O	O	
in	O	O	O	O	
a	O	O	O	O	
sudden	O	O	O	O	
passion	O	O	O	O	
;	O	O	O	O	
stood	O	O	O	O	
up	O	O	O	O	
and	O	O	O	O	
leaned	O	O	O	O	
over	O	O	O	O	
his	O	O	O	O	
table	O	O	O	O	
,	O	O	O	O	
boxing	O	O	O	O	
his	O	O	O	O	
papers	O	O	O	O	
about	O	O	O	O	
in	O	O	O	O	
a	O	O	O	O	
most	O	O	O	O	
indecorous	O	O	O	O	
manner	O	O	O	O	
,	O	O	O	O	
very	O	O	O	O	
sad	O	O	O	O	
to	O	O	O	O	
behold	O	O	O	O	
in	O	O	O	O	
an	B-PER	O	O	O	
elderly	I-PER	O	O	O	
man	I-PER	O	O	O	
like	I-PER	O	O	O	
him	I-PER	O	O	O	
.	O	O	O	O	

Nevertheless	O	O	O	O	
,	O	O	O	O	
as	O	O	O	O	
he	O	O	O	O	
was	O	O	O	O	
in	O	O	O	O	
many	O	O	O	O	
ways	O	O	O	O	
a	B-PER	O	O	O	
most	I-PER	O	O	O	
valuable	I-PER	O	O	O	
person	I-PER	O	O	O	
to	I-PER	O	O	O	
me	I-PER	O	O	O	
,	O	O	O	O	
and	O	O	O	O	
all	O	O	O	O	
the	O	O	O	O	
time	O	O	O	O	
before	O	O	O	O	
twelve	O	O	O	O	
o'clock	O	O	O	O	
,	O	O	O	O	
meridian	O	O	O	O	
,	O	O	O	O	
was	O	O	O	O	
the	B-PER	O	O	O	
quickest	I-PER	O	O	O	
,	I-PER	O	O	O	
steadiest	I-PER	O	O	O	
creature	I-PER	O	O	O	
too	O	O	O	O	
,	O	O	O	O	
accomplishing	O	O	O	O	
a	O	O	O	O	
great	O	O	O	O	
deal	O	O	O	O	
of	O	O	O	O	
work	O	O	O	O	
in	O	O	O	O	
a	O	O	O	O	
style	O	O	O	O	
not	O	O	O	O	
easy	O	O	O	O	
to	O	O	O	O	
be	O	O	O	O	
matched	O	O	O	O	
--	O	O	O	O	
for	O	O	O	O	
these	O	O	O	O	
reasons	O	O	O	O	
,	O	O	O	O	
I	O	O	O	O	
was	O	O	O	O	
willing	O	O	O	O	
to	O	O	O	O	
overlook	O	O	O	O	
his	O	O	O	O	
eccentricities	O	O	O	O	
,	O	O	O	O	
though	O	O	O	O	
indeed	O	O	O	O	
,	O	O	O	O	
occasionally	O	O	O	O	
,	O	O	O	O	
I	O	O	O	O	
remonstrated	O	O	O	O	
with	O	O	O	O	
him	O	O	O	O	
.	O	O	O	O	

I	O	O	O	O	
did	O	O	O	O	
this	O	O	O	O	
very	O	O	O	O	
gently	O	O	O	O	
,	O	O	O	O	
however	O	O	O	O	
,	O	O	O	O	
because	O	O	O	O	
,	O	O	O	O	
though	O	O	O	O	
the	B-PER	O	O	O	
civilest	I-PER	O	O	O	
,	I-PER	O	O	O	
nay	I-PER	O	O	O	
,	I-PER	O	O	O	
the	I-PER	O	O	O	
blandest	I-PER	O	O	O	
and	I-PER	O	O	O	
most	I-PER	O	O	O	
reverential	I-PER	O	O	O	
of	I-PER	O	O	O	
men	I-PER	O	O	O	
in	O	O	O	O	
the	O	O	O	O	
morning	O	O	O	O	
,	O	O	O	O	
yet	O	O	O	O	
in	O	O	O	O	
the	O	O	O	O	
afternoon	O	O	O	O	
he	O	O	O	O	
was	O	O	O	O	
disposed	O	O	O	O	
,	O	O	O	O	
upon	O	O	O	O	
provocation	O	O	O	O	
,	O	O	O	O	
to	O	O	O	O	
be	O	O	O	O	
slightly	O	O	O	O	
rash	O	O	O	O	
with	O	O	O	O	
his	O	O	O	O	
tongue	O	O	O	O	
,	O	O	O	O	
in	O	O	O	O	
fact	O	O	O	O	
,	O	O	O	O	
insolent	O	O	O	O	
.	O	O	O	O	

Now	O	O	O	O	
,	O	O	O	O	
valuing	O	O	O	O	
his	O	O	O	O	
morning	O	O	O	O	
services	O	O	O	O	
as	O	O	O	O	
I	O	O	O	O	
did	O	O	O	O	
,	O	O	O	O	
and	O	O	O	O	
resolved	O	O	O	O	
not	O	O	O	O	
to	O	O	O	O	
lose	O	O	O	O	
them	O	O	O	O	
;	O	O	O	O	
yet	O	O	O	O	
,	O	O	O	O	
at	O	O	O	O	
the	O	O	O	O	
same	O	O	O	O	
time	O	O	O	O	
made	O	O	O	O	
uncomfortable	O	O	O	O	
by	O	O	O	O	
his	O	O	O	O	
inflamed	O	O	O	O	
ways	O	O	O	O	
after	O	O	O	O	
twelve	O	O	O	O	
o'clock	O	O	O	O	
;	O	O	O	O	
and	O	O	O	O	
being	O	O	O	O	
a	B-PER	O	O	O	
man	I-PER	O	O	O	
of	I-PER	O	O	O	
peace	I-PER	O	O	O	
,	O	O	O	O	
unwilling	O	O	O	O	
by	O	O	O	O	
my	O	O	O	O	
admonitions	O	O	O	O	
to	O	O	O	O	
call	O	O	O	O	
forth	O	O	O	O	
unseemly	O	O	O	O	
retorts	O	O	O	O	
from	O	O	O	O	
him	O	O	O	O	
;	O	O	O	O	
I	O	O	O	O	
took	O	O	O	O	
upon	O	O	O	O	
me	O	O	O	O	
,	O	O	O	O	
one	O	O	O	O	
Saturday	O	O	O	O	
noon	O	O	O	O	
(	O	O	O	O	
he	O	O	O	O	
was	O	O	O	O	
always	O	O	O	O	
worse	O	O	O	O	
on	O	O	O	O	
Saturdays	O	O	O	O	
)	O	O	O	O	
,	O	O	O	O	
to	O	O	O	O	
hint	O	O	O	O	
to	O	O	O	O	
him	O	O	O	O	
,	O	O	O	O	
very	O	O	O	O	
kindly	O	O	O	O	
,	O	O	O	O	
that	O	O	O	O	
perhaps	O	O	O	O	
now	O	O	O	O	
that	O	O	O	O	
he	O	O	O	O	
was	O	O	O	O	
growing	O	O	O	O	
old	O	O	O	O	
,	O	O	O	O	
it	O	O	O	O	
might	O	O	O	O	
be	O	O	O	O	
well	O	O	O	O	
to	O	O	O	O	
abridge	O	O	O	O	
his	O	O	O	O	
labors	O	O	O	O	
;	O	O	O	O	
in	O	O	O	O	
short	O	O	O	O	
,	O	O	O	O	
he	O	O	O	O	
need	O	O	O	O	
not	O	O	O	O	
come	O	O	O	O	
to	O	O	O	O	
my	O	O	O	O	
chambers	O	O	O	O	
after	O	O	O	O	
twelve	O	O	O	O	
o'clock	O	O	O	O	
,	O	O	O	O	
but	O	O	O	O	
,	O	O	O	O	
dinner	O	O	O	O	
over	O	O	O	O	
,	O	O	O	O	
had	O	O	O	O	
best	O	O	O	O	
go	O	O	O	O	
home	B-FAC	O	O	O	
to	O	O	O	O	
his	B-FAC	O	O	O	
lodgings	I-FAC	O	O	O	
and	O	O	O	O	
rest	O	O	O	O	
himself	O	O	O	O	
till	O	O	O	O	
teatime	O	O	O	O	
.	O	O	O	O	

But	O	O	O	O	
no	O	O	O	O	
;	O	O	O	O	
he	O	O	O	O	
insisted	O	O	O	O	
upon	O	O	O	O	
his	O	O	O	O	
afternoon	O	O	O	O	
devotions	O	O	O	O	
.	O	O	O	O	

His	O	O	O	O	
countenance	O	O	O	O	
became	O	O	O	O	
intolerably	O	O	O	O	
fervid	O	O	O	O	
,	O	O	O	O	
as	O	O	O	O	
he	O	O	O	O	
oratorically	O	O	O	O	
assured	O	O	O	O	
me	O	O	O	O	
--	O	O	O	O	
gesticulating	O	O	O	O	
with	O	O	O	O	
a	O	O	O	O	
long	O	O	O	O	
ruler	O	O	O	O	
at	O	O	O	O	
the	O	O	O	O	
other	O	O	O	O	
end	O	O	O	O	
of	O	O	O	O	
the	B-FAC	O	O	O	
room	I-FAC	O	O	O	
--	O	O	O	O	
that	O	O	O	O	
if	O	O	O	O	
his	O	O	O	O	
services	O	O	O	O	
in	O	O	O	O	
the	O	O	O	O	
morning	O	O	O	O	
were	O	O	O	O	
useful	O	O	O	O	
,	O	O	O	O	
how	O	O	O	O	
indispensable	O	O	O	O	
,	O	O	O	O	
then	O	O	O	O	
,	O	O	O	O	
in	O	O	O	O	
the	O	O	O	O	
afternoon	O	O	O	O	
?	O	O	O	O	

"	O	O	O	O	
With	O	O	O	O	
submission	O	O	O	O	
,	O	O	O	O	
sir	B-PER	O	O	O	
,	O	O	O	O	
"	O	O	O	O	
said	O	O	O	O	
Turkey	B-PER	O	O	O	
on	O	O	O	O	
this	O	O	O	O	
occasion	O	O	O	O	
,	O	O	O	O	
"	O	O	O	O	
I	O	O	O	O	
consider	O	O	O	O	
myself	O	O	O	O	
your	B-PER	O	O	O	
right-hand	I-PER	O	O	O	
man	I-PER	O	O	O	
.	O	O	O	O	

In	O	O	O	O	
the	O	O	O	O	
morning	O	O	O	O	
I	O	O	O	O	
but	O	O	O	O	
marshal	O	O	O	O	
and	O	O	O	O	
deploy	O	O	O	O	
my	O	O	O	O	
columns	O	O	O	O	
;	O	O	O	O	
but	O	O	O	O	
in	O	O	O	O	
the	O	O	O	O	
afternoon	O	O	O	O	
I	O	O	O	O	
put	O	O	O	O	
myself	O	O	O	O	
at	O	O	O	O	
their	O	O	O	O	
head	O	O	O	O	
,	O	O	O	O	
and	O	O	O	O	
gallantly	O	O	O	O	
charge	O	O	O	O	
the	B-PER	O	O	O	
foe	I-PER	O	O	O	
,	O	O	O	O	
thus	O	O	O	O	
!	O	O	O	O	
"	O	O	O	O	

--	O	O	O	O	
and	O	O	O	O	
he	O	O	O	O	
made	O	O	O	O	
a	O	O	O	O	
violent	O	O	O	O	
thrust	O	O	O	O	
with	O	O	O	O	
the	O	O	O	O	
ruler	O	O	O	O	
.	O	O	O	O	

"	O	O	O	O	
But	O	O	O	O	
the	O	O	O	O	
blots	O	O	O	O	
,	O	O	O	O	
Turkey	O	O	O	O	
,	O	O	O	O	
"	O	O	O	O	
intimated	O	O	O	O	
I.	O	O	O	O	
"	O	O	O	O	
True	O	O	O	O	
,	O	O	O	O	
--	O	O	O	O	
but	O	O	O	O	
,	O	O	O	O	
with	O	O	O	O	
submission	O	O	O	O	
,	O	O	O	O	
sir	B-PER	O	O	O	
,	O	O	O	O	
behold	O	O	O	O	
these	O	O	O	O	
hairs	O	O	O	O	
!	O	O	O	O	

I	O	O	O	O	
am	O	O	O	O	
getting	O	O	O	O	
old	O	O	O	O	
.	O	O	O	O	

Surely	O	O	O	O	
,	O	O	O	O	
sir	B-PER	O	O	O	
,	O	O	O	O	
a	O	O	O	O	
blot	O	O	O	O	
or	O	O	O	O	
two	O	O	O	O	
of	O	O	O	O	
a	O	O	O	O	
warm	O	O	O	O	
afternoon	O	O	O	O	
is	O	O	O	O	
not	O	O	O	O	
to	O	O	O	O	
be	O	O	O	O	
severely	O	O	O	O	
urged	O	O	O	O	
against	O	O	O	O	
gray	O	O	O	O	
hairs	O	O	O	O	
.	O	O	O	O	

Old	O	O	O	O	
age	O	O	O	O	
--	O	O	O	O	
even	O	O	O	O	
if	O	O	O	O	
it	O	O	O	O	
blot	O	O	O	O	
the	O	O	O	O	
page	O	O	O	O	
--	O	O	O	O	
is	O	O	O	O	
honorable	O	O	O	O	
.	O	O	O	O	

With	O	O	O	O	
submission	O	O	O	O	
,	O	O	O	O	
sir	B-PER	O	O	O	
,	O	O	O	O	
we	O	O	O	O	
_	O	O	O	O	
both	O	O	O	O	
_	O	O	O	O	
are	O	O	O	O	
getting	O	O	O	O	
old	O	O	O	O	
.	O	O	O	O	
"	O	O	O	O	

This	O	O	O	O	
appeal	O	O	O	O	
to	O	O	O	O	
my	O	O	O	O	
fellow-feeling	O	O	O	O	
was	O	O	O	O	
hardly	O	O	O	O	
to	O	O	O	O	
be	O	O	O	O	
resisted	O	O	O	O	
.	O	O	O	O	

At	O	O	O	O	
all	O	O	O	O	
events	O	O	O	O	
,	O	O	O	O	
I	O	O	O	O	
saw	O	O	O	O	
that	O	O	O	O	
go	O	O	O	O	
he	O	O	O	O	
would	O	O	O	O	
not	O	O	O	O	
.	O	O	O	O	

So	O	O	O	O	
I	O	O	O	O	
made	O	O	O	O	
up	O	O	O	O	
my	O	O	O	O	
mind	O	O	O	O	
to	O	O	O	O	
let	O	O	O	O	
him	O	O	O	O	
stay	O	O	O	O	
,	O	O	O	O	
resolving	O	O	O	O	
,	O	O	O	O	
nevertheless	O	O	O	O	
,	O	O	O	O	
to	O	O	O	O	
see	O	O	O	O	
to	O	O	O	O	
it	O	O	O	O	
,	O	O	O	O	
that	O	O	O	O	
during	O	O	O	O	
the	O	O	O	O	
afternoon	O	O	O	O	
he	O	O	O	O	
had	O	O	O	O	
to	O	O	O	O	
do	O	O	O	O	
with	O	O	O	O	
my	O	O	O	O	
less	O	O	O	O	
important	O	O	O	O	
papers	O	O	O	O	
.	O	O	O	O	

Nippers	B-PER	O	O	O	
,	O	O	O	O	
the	O	O	O	O	
second	O	O	O	O	
on	O	O	O	O	
my	O	O	O	O	
list	O	O	O	O	
,	O	O	O	O	
was	O	O	O	O	
a	B-PER	O	O	O	
whiskered	I-PER	O	O	O	
,	I-PER	O	O	O	
sallow	I-PER	O	O	O	
,	I-PER	O	O	O	
and	I-PER	O	O	O	
,	I-PER	O	O	O	
upon	I-PER	O	O	O	
the	I-PER	O	O	O	
whole	I-PER	O	O	O	
,	I-PER	O	O	O	
rather	I-PER	O	O	O	
piratical-looking	I-PER	O	O	O	
young	I-PER	O	O	O	
man	I-PER	O	O	O	
of	I-PER	O	O	O	
about	I-PER	O	O	O	
five	I-PER	O	O	O	
and	I-PER	O	O	O	
twenty	I-PER	O	O	O	
.	O	O	O	O	

I	O	O	O	O	
always	O	O	O	O	
deemed	O	O	O	O	
him	O	O	O	O	
the	O	O	O	O	
victim	O	O	O	O	
of	O	O	O	O	
two	O	O	O	O	
evil	O	O	O	O	
powers	O	O	O	O	
--	O	O	O	O	
ambition	O	O	O	O	
and	O	O	O	O	
indigestion	O	O	O	O	
.	O	O	O	O	

The	O	O	O	O	
ambition	O	O	O	O	
was	O	O	O	O	
evinced	O	O	O	O	
by	O	O	O	O	
a	O	O	O	O	
certain	O	O	O	O	
impatience	O	O	O	O	
of	O	O	O	O	
the	O	O	O	O	
duties	O	O	O	O	
of	O	O	O	O	
a	B-PER	O	O	O	
mere	I-PER	O	O	O	
copyist	I-PER	O	O	O	
,	O	O	O	O	
an	O	O	O	O	
unwarrantable	O	O	O	O	
usurpation	O	O	O	O	
of	O	O	O	O	
strictly	O	O	O	O	
professional	O	O	O	O	
affairs	O	O	O	O	
,	O	O	O	O	
such	O	O	O	O	
as	O	O	O	O	
the	O	O	O	O	
original	O	O	O	O	
drawing	O	O	O	O	
up	O	O	O	O	
of	O	O	O	O	
legal	O	O	O	O	
documents	O	O	O	O	
.	O	O	O	O	

The	O	O	O	O	
indigestion	O	O	O	O	
seemed	O	O	O	O	
betokened	O	O	O	O	
in	O	O	O	O	
an	O	O	O	O	
occasional	O	O	O	O	
nervous	O	O	O	O	
testiness	O	O	O	O	
and	O	O	O	O	
grinning	O	O	O	O	
irritability	O	O	O	O	
,	O	O	O	O	
causing	O	O	O	O	
the	O	O	O	O	
teeth	O	O	O	O	
to	O	O	O	O	
audibly	O	O	O	O	
grind	O	O	O	O	
together	O	O	O	O	
over	O	O	O	O	
mistakes	O	O	O	O	
committed	O	O	O	O	
in	O	O	O	O	
copying	O	O	O	O	
;	O	O	O	O	
unnecessary	O	O	O	O	
maledictions	O	O	O	O	
,	O	O	O	O	
hissed	O	O	O	O	
,	O	O	O	O	
rather	O	O	O	O	
than	O	O	O	O	
spoken	O	O	O	O	
,	O	O	O	O	
in	O	O	O	O	
the	O	O	O	O	
heat	O	O	O	O	
of	O	O	O	O	
business	O	O	O	O	
;	O	O	O	O	
and	O	O	O	O	
especially	O	O	O	O	
by	O	O	O	O	
a	O	O	O	O	
continual	O	O	O	O	
discontent	O	O	O	O	
with	O	O	O	O	
the	O	O	O	O	
height	O	O	O	O	
of	O	O	O	O	
the	O	O	O	O	
table	O	O	O	O	
where	O	O	O	O	
he	O	O	O	O	
worked	O	O	O	O	
.	O	O	O	O	

Though	O	O	O	O	
of	O	O	O	O	
a	O	O	O	O	
very	O	O	O	O	
ingenious	O	O	O	O	
mechanical	O	O	O	O	
turn	O	O	O	O	
,	O	O	O	O	
Nippers	B-PER	O	O	O	
could	O	O	O	O	
never	O	O	O	O	
get	O	O	O	O	
this	O	O	O	O	
table	O	O	O	O	
to	O	O	O	O	
suit	O	O	O	O	
him	O	O	O	O	
.	O	O	O	O	

He	O	O	O	O	
put	O	O	O	O	
chips	O	O	O	O	
under	O	O	O	O	
it	O	O	O	O	
,	O	O	O	O	
blocks	O	O	O	O	
of	O	O	O	O	
various	O	O	O	O	
sorts	O	O	O	O	
,	O	O	O	O	
bits	O	O	O	O	
of	O	O	O	O	
pasteboard	O	O	O	O	
,	O	O	O	O	
and	O	O	O	O	
at	O	O	O	O	
last	O	O	O	O	
went	O	O	O	O	
so	O	O	O	O	
far	O	O	O	O	
as	O	O	O	O	
to	O	O	O	O	
attempt	O	O	O	O	
an	O	O	O	O	
exquisite	O	O	O	O	
adjustment	O	O	O	O	
by	O	O	O	O	
final	O	O	O	O	
pieces	O	O	O	O	
of	O	O	O	O	
folded	O	O	O	O	
blotting	O	O	O	O	
paper	O	O	O	O	
.	O	O	O	O	

But	O	O	O	O	
no	O	O	O	O	
invention	O	O	O	O	
would	O	O	O	O	
answer	O	O	O	O	
.	O	O	O	O	

If	O	O	O	O	
,	O	O	O	O	
for	O	O	O	O	
the	O	O	O	O	
sake	O	O	O	O	
of	O	O	O	O	
easing	O	O	O	O	
his	O	O	O	O	
back	O	O	O	O	
,	O	O	O	O	
he	O	O	O	O	
brought	O	O	O	O	
the	O	O	O	O	
table	O	O	O	O	
lid	O	O	O	O	
at	O	O	O	O	
a	O	O	O	O	
sharp	O	O	O	O	
angle	O	O	O	O	
well	O	O	O	O	
up	O	O	O	O	
towards	O	O	O	O	
his	O	O	O	O	
chin	O	O	O	O	
,	O	O	O	O	
and	O	O	O	O	
wrote	O	O	O	O	
there	O	O	O	O	
like	O	O	O	O	
a	O	B-PER	O	O	
man	O	I-PER	O	O	
using	O	I-PER	O	O	
the	O	I-PER	O	O	
steep	O	I-PER	O	O	
roof	O	I-PER	O	O	
of	O	I-PER	O	O	
a	B-FAC	I-PER	O	O	
Dutch	I-FAC	I-PER	O	O	
house	I-FAC	I-PER	O	O	
for	O	I-PER	O	O	
his	O	I-PER	O	O	
desk	O	I-PER	O	O	
:	O	O	O	O	
--	O	O	O	O	
then	O	O	O	O	
he	O	O	O	O	
declared	O	O	O	O	
that	O	O	O	O	
it	O	O	O	O	
stopped	O	O	O	O	
the	O	O	O	O	
circulation	O	O	O	O	
in	O	O	O	O	
his	O	O	O	O	
arms	O	O	O	O	
.	O	O	O	O	

If	O	O	O	O	
now	O	O	O	O	
he	O	O	O	O	
lowered	O	O	O	O	
the	O	O	O	O	
table	O	O	O	O	
to	O	O	O	O	
his	O	O	O	O	
waistbands	O	O	O	O	
,	O	O	O	O	
and	O	O	O	O	
stooped	O	O	O	O	
over	O	O	O	O	
it	O	O	O	O	
in	O	O	O	O	
writing	O	O	O	O	
,	O	O	O	O	
then	O	O	O	O	
there	O	O	O	O	
was	O	O	O	O	
a	O	O	O	O	
sore	O	O	O	O	
aching	O	O	O	O	
in	O	O	O	O	
his	O	O	O	O	
back	O	O	O	O	
.	O	O	O	O	

In	O	O	O	O	
short	O	O	O	O	
,	O	O	O	O	
the	O	O	O	O	
truth	O	O	O	O	
of	O	O	O	O	
the	O	O	O	O	
matter	O	O	O	O	
was	O	O	O	O	
,	O	O	O	O	
Nippers	B-PER	O	O	O	
knew	O	O	O	O	
not	O	O	O	O	
what	O	O	O	O	
he	O	O	O	O	
wanted	O	O	O	O	
.	O	O	O	O	

Or	O	O	O	O	
,	O	O	O	O	
if	O	O	O	O	
he	O	O	O	O	
wanted	O	O	O	O	
any	O	O	O	O	
thing	O	O	O	O	
,	O	O	O	O	
it	O	O	O	O	
was	O	O	O	O	
to	O	O	O	O	
be	O	O	O	O	
rid	O	O	O	O	
of	O	O	O	O	
a	O	O	O	O	
scrivener	O	O	O	O	
's	O	O	O	O	
table	O	O	O	O	
altogether	O	O	O	O	
.	O	O	O	O	

Among	O	O	O	O	
the	O	O	O	O	
manifestations	O	O	O	O	
of	O	O	O	O	
his	O	O	O	O	
diseased	O	O	O	O	
ambition	O	O	O	O	
was	O	O	O	O	
a	O	O	O	O	
fondness	O	O	O	O	
he	O	O	O	O	
had	O	O	O	O	
for	O	O	O	O	
receiving	O	O	O	O	
visits	O	O	O	O	
from	O	O	O	O	
certain	O	B-PER	O	O	
ambiguous-looking	O	I-PER	O	O	
fellows	O	I-PER	O	O	
in	O	I-PER	O	O	
seedy	O	I-PER	O	O	
coats	O	I-PER	O	O	
,	O	I-PER	O	O	
whom	O	I-PER	O	O	
he	O	I-PER	O	O	
called	O	I-PER	O	O	
his	B-PER	I-PER	O	O	
clients	I-PER	I-PER	O	O	
.	O	O	O	O	

Indeed	O	O	O	O	
I	O	O	O	O	
was	O	O	O	O	
aware	O	O	O	O	
that	O	O	O	O	
not	O	O	O	O	
only	O	O	O	O	
was	O	O	O	O	
he	O	O	O	O	
,	O	O	O	O	
at	O	O	O	O	
times	O	O	O	O	
,	O	O	O	O	
considerable	O	O	O	O	
of	O	O	O	O	
a	B-PER	O	O	O	
ward-politician	I-PER	O	O	O	
,	O	O	O	O	
but	O	O	O	O	
he	O	O	O	O	
occasionally	O	O	O	O	
did	O	O	O	O	
a	O	O	O	O	
little	O	O	O	O	
business	O	O	O	O	
at	O	O	O	O	
the	B-PER	B-FAC	O	O	
Justices	I-PER	I-FAC	O	O	
'	O	I-FAC	O	O	
courts	O	I-FAC	O	O	
,	O	O	O	O	
and	O	O	O	O	
was	O	O	O	O	
not	O	O	O	O	
unknown	O	O	O	O	
on	O	O	O	O	
the	O	O	O	O	
steps	O	O	O	O	
of	O	O	O	O	
the	B-FAC	O	O	O	
Tombs	I-FAC	O	O	O	
.	O	O	O	O	

I	O	O	O	O	
have	O	O	O	O	
good	O	O	O	O	
reason	O	O	O	O	
to	O	O	O	O	
believe	O	O	O	O	
,	O	O	O	O	
however	O	O	O	O	
,	O	O	O	O	
that	O	O	O	O	
one	O	B-PER	O	O	
individual	O	I-PER	O	O	
who	O	I-PER	O	O	
called	O	I-PER	O	O	
upon	O	I-PER	O	O	
him	O	I-PER	O	O	
at	O	I-PER	O	O	
my	O	I-PER	O	O	
chambers	O	I-PER	O	O	
,	O	I-PER	O	O	
and	O	I-PER	O	O	
who	O	I-PER	O	O	
,	O	I-PER	O	O	
with	O	I-PER	O	O	
a	O	I-PER	O	O	
grand	O	I-PER	O	O	
air	O	I-PER	O	O	
,	O	I-PER	O	O	
he	O	I-PER	O	O	
insisted	O	I-PER	O	O	
was	O	I-PER	O	O	
his	B-PER	I-PER	O	O	
client	I-PER	I-PER	O	O	
,	O	O	O	O	
was	O	O	O	O	
no	O	O	O	O	
other	O	O	O	O	
than	O	O	O	O	
a	B-PER	O	O	O	
dun	I-PER	O	O	O	
,	O	O	O	O	
and	O	O	O	O	
the	O	O	O	O	
alleged	O	O	O	O	
title-deed	O	O	O	O	
,	O	O	O	O	
a	O	O	O	O	
bill	O	O	O	O	
.	O	O	O	O	

But	O	O	O	O	
with	O	O	O	O	
all	O	O	O	O	
his	O	O	O	O	
failings	O	O	O	O	
,	O	O	O	O	
and	O	O	O	O	
the	O	O	O	O	
annoyances	O	O	O	O	
he	O	O	O	O	
caused	O	O	O	O	
me	O	O	O	O	
,	O	O	O	O	
Nippers	B-PER	O	O	O	
,	O	O	O	O	
like	O	O	O	O	
his	B-PER	O	O	O	
compatriot	I-PER	O	O	O	
Turkey	B-PER	O	O	O	
,	O	O	O	O	
was	O	O	O	O	
a	B-PER	O	O	O	
very	I-PER	O	O	O	
useful	I-PER	O	O	O	
man	I-PER	O	O	O	
to	I-PER	O	O	O	
me	I-PER	O	O	O	
;	O	O	O	O	
wrote	O	O	O	O	
a	O	O	O	O	
neat	O	O	O	O	
,	O	O	O	O	
swift	O	O	O	O	
hand	O	O	O	O	
;	O	O	O	O	
and	O	O	O	O	
,	O	O	O	O	
when	O	O	O	O	
he	O	O	O	O	
chose	O	O	O	O	
,	O	O	O	O	
was	O	O	O	O	
not	O	O	O	O	
deficient	O	O	O	O	
in	O	O	O	O	
a	O	O	O	O	
gentlemanly	O	O	O	O	
sort	O	O	O	O	
of	O	O	O	O	
deportment	O	O	O	O	
.	O	O	O	O	

Added	O	O	O	O	
to	O	O	O	O	
this	O	O	O	O	
,	O	O	O	O	
he	O	O	O	O	
always	O	O	O	O	
dressed	O	O	O	O	
in	O	O	O	O	
a	O	O	O	O	
gentlemanly	O	O	O	O	
sort	O	O	O	O	
of	O	O	O	O	
way	O	O	O	O	
;	O	O	O	O	
and	O	O	O	O	
so	O	O	O	O	
,	O	O	O	O	
incidentally	O	O	O	O	
,	O	O	O	O	
reflected	O	O	O	O	
credit	O	O	O	O	
upon	O	O	O	O	
my	O	O	O	O	
chambers	O	O	O	O	
.	O	O	O	O	

Whereas	O	O	O	O	
with	O	O	O	O	
respect	O	O	O	O	
to	O	O	O	O	
Turkey	B-PER	O	O	O	
,	O	O	O	O	
I	O	O	O	O	
had	O	O	O	O	
much	O	O	O	O	
ado	O	O	O	O	
to	O	O	O	O	
keep	O	O	O	O	
him	O	O	O	O	
from	O	O	O	O	
being	O	O	O	O	
a	O	O	O	O	
reproach	O	O	O	O	
to	O	O	O	O	
me	O	O	O	O	
.	O	O	O	O	

His	O	O	O	O	
clothes	O	O	O	O	
were	O	O	O	O	
apt	O	O	O	O	
to	O	O	O	O	
look	O	O	O	O	
oily	O	O	O	O	
and	O	O	O	O	
smell	O	O	O	O	
of	O	O	O	O	
eating-houses	B-FAC	O	O	O	
.	O	O	O	O	

He	O	O	O	O	
wore	O	O	O	O	
his	O	O	O	O	
pantaloons	O	O	O	O	
very	O	O	O	O	
loose	O	O	O	O	
and	O	O	O	O	
baggy	O	O	O	O	
in	O	O	O	O	
summer	O	O	O	O	
.	O	O	O	O	

His	O	O	O	O	
coats	O	O	O	O	
were	O	O	O	O	
execrable	O	O	O	O	
;	O	O	O	O	
his	O	O	O	O	
hat	O	O	O	O	
not	O	O	O	O	
to	O	O	O	O	
be	O	O	O	O	
handled	O	O	O	O	
.	O	O	O	O	

But	O	O	O	O	
while	O	O	O	O	
the	O	O	O	O	
hat	O	O	O	O	
was	O	O	O	O	
a	O	O	O	O	
thing	O	O	O	O	
of	O	O	O	O	
indifference	O	O	O	O	
to	O	O	O	O	
me	O	O	O	O	
,	O	O	O	O	
inasmuch	O	O	O	O	
as	O	O	O	O	
his	O	O	O	O	
natural	O	O	O	O	
civility	O	O	O	O	
and	O	O	O	O	
deference	O	O	O	O	
,	O	O	O	O	
as	O	O	O	O	
a	B-PER	O	O	O	
dependent	I-PER	O	O	O	
Englishman	I-PER	O	O	O	
,	O	O	O	O	
always	O	O	O	O	
led	O	O	O	O	
him	O	O	O	O	
to	O	O	O	O	
doff	O	O	O	O	
it	O	O	O	O	
the	O	O	O	O	
moment	O	O	O	O	
he	O	O	O	O	
entered	O	O	O	O	
the	B-FAC	O	O	O	
room	I-FAC	O	O	O	
,	O	O	O	O	
yet	O	O	O	O	
his	O	O	O	O	
coat	O	O	O	O	
was	O	O	O	O	
another	O	O	O	O	
matter	O	O	O	O	
.	O	O	O	O	

Concerning	O	O	O	O	
his	O	O	O	O	
coats	O	O	O	O	
,	O	O	O	O	
I	O	O	O	O	
reasoned	O	O	O	O	
with	O	O	O	O	
him	O	O	O	O	
;	O	O	O	O	
but	O	O	O	O	
with	O	O	O	O	
no	O	O	O	O	
effect	O	O	O	O	
.	O	O	O	O	

The	O	O	O	O	
truth	O	O	O	O	
was	O	O	O	O	
,	O	O	O	O	
I	O	O	O	O	
suppose	O	O	O	O	
,	O	O	O	O	
that	O	O	O	O	
a	B-PER	O	O	O	
man	I-PER	O	O	O	
of	I-PER	O	O	O	
so	I-PER	O	O	O	
small	I-PER	O	O	O	
an	I-PER	O	O	O	
income	I-PER	O	O	O	
,	O	O	O	O	
could	O	O	O	O	
not	O	O	O	O	
afford	O	O	O	O	
to	O	O	O	O	
sport	O	O	O	O	
such	O	O	O	O	
a	O	O	O	O	
lustrous	O	O	O	O	
face	O	O	O	O	
and	O	O	O	O	
a	O	O	O	O	
lustrous	O	O	O	O	
coat	O	O	O	O	
at	O	O	O	O	
one	O	O	O	O	
and	O	O	O	O	
the	O	O	O	O	
same	O	O	O	O	
time	O	O	O	O	
.	O	O	O	O	

As	O	O	O	O	
Nippers	B-PER	O	O	O	
once	O	O	O	O	
observed	O	O	O	O	
,	O	O	O	O	
Turkey	B-PER	O	O	O	
's	O	O	O	O	
money	O	O	O	O	
went	O	O	O	O	
chiefly	O	O	O	O	
for	O	O	O	O	
red	O	O	O	O	
ink	O	O	O	O	
.	O	O	O	O	

One	O	O	O	O	
winter	O	O	O	O	
day	O	O	O	O	
I	O	O	O	O	
presented	O	O	O	O	
Turkey	B-PER	O	O	O	
with	O	O	O	O	
a	O	O	O	O	
highly-respectable	O	O	O	O	
looking	O	O	O	O	
coat	O	O	O	O	
of	O	O	O	O	
my	O	O	O	O	
own	O	O	O	O	
,	O	O	O	O	
a	O	O	O	O	
padded	O	O	O	O	
gray	O	O	O	O	
coat	O	O	O	O	
,	O	O	O	O	
of	O	O	O	O	
a	O	O	O	O	
most	O	O	O	O	
comfortable	O	O	O	O	
warmth	O	O	O	O	
,	O	O	O	O	
and	O	O	O	O	
which	O	O	O	O	
buttoned	O	O	O	O	
straight	O	O	O	O	
up	O	O	O	O	
from	O	O	O	O	
the	O	O	O	O	
knee	O	O	O	O	
to	O	O	O	O	
the	O	O	O	O	
neck	O	O	O	O	
.	O	O	O	O	

I	O	O	O	O	
thought	O	O	O	O	
Turkey	B-PER	O	O	O	
would	O	O	O	O	
appreciate	O	O	O	O	
the	O	O	O	O	
favor	O	O	O	O	
,	O	O	O	O	
and	O	O	O	O	
abate	O	O	O	O	
his	O	O	O	O	
rashness	O	O	O	O	
and	O	O	O	O	
obstreperousness	O	O	O	O	
of	O	O	O	O	
afternoons	O	O	O	O	
.	O	O	O	O	

But	O	O	O	O	
no	O	O	O	O	
.	O	O	O	O	

I	O	O	O	O	
verily	O	O	O	O	
believe	O	O	O	O	
that	O	O	O	O	
buttoning	O	O	O	O	
himself	O	O	O	O	
up	O	O	O	O	
in	O	O	O	O	
so	O	O	O	O	
downy	O	O	O	O	
and	O	O	O	O	
blanket-like	O	O	O	O	
a	O	O	O	O	
coat	O	O	O	O	
had	O	O	O	O	
a	O	O	O	O	
pernicious	O	O	O	O	
effect	O	O	O	O	
upon	O	O	O	O	
him	O	O	O	O	
;	O	O	O	O	
upon	O	O	O	O	
the	O	O	O	O	
same	O	O	O	O	
principle	O	O	O	O	
that	O	O	O	O	
too	O	O	O	O	
much	O	O	O	O	
oats	O	O	O	O	
are	O	O	O	O	
bad	O	O	O	O	
for	O	O	O	O	
horses	O	O	O	O	
.	O	O	O	O	

In	O	O	O	O	
fact	O	O	O	O	
,	O	O	O	O	
precisely	O	O	O	O	
as	O	O	O	O	
a	O	O	O	O	
rash	O	O	O	O	
,	O	O	O	O	
restive	O	O	O	O	
horse	O	O	O	O	
is	O	O	O	O	
said	O	O	O	O	
to	O	O	O	O	
feel	O	O	O	O	
his	O	O	O	O	
oats	O	O	O	O	
,	O	O	O	O	
so	O	O	O	O	
Turkey	B-PER	O	O	O	
felt	O	O	O	O	
his	O	O	O	O	
coat	O	O	O	O	
.	O	O	O	O	

It	O	O	O	O	
made	O	O	O	O	
him	O	O	O	O	
insolent	O	O	O	O	
.	O	O	O	O	

He	O	O	O	O	
was	O	O	O	O	
a	B-PER	O	O	O	
man	I-PER	O	O	O	
whom	I-PER	O	O	O	
prosperity	I-PER	O	O	O	
harmed	I-PER	O	O	O	
.	O	O	O	O	

