PROLOGUE	O	O	O	O	
I	O	O	O	O	
A	O	O	O	O	
FACE	O	O	O	O	
haunted	O	O	O	O	
Cameron	B-PER	O	O	O	
--	O	O	O	O	
a	B-PER	O	O	O	
woman	I-PER	O	O	O	
's	O	O	O	O	
face	O	O	O	O	
.	O	O	O	O	

It	O	O	O	O	
was	O	O	O	O	
there	O	O	O	O	
in	O	O	O	O	
the	O	O	O	O	
white	O	O	O	O	
heart	O	O	O	O	
of	O	O	O	O	
the	O	O	O	O	
dying	O	O	O	O	
campfire	O	O	O	O	
;	O	O	O	O	
it	O	O	O	O	
hung	O	O	O	O	
in	O	O	O	O	
the	O	O	O	O	
shadows	O	O	O	O	
that	O	O	O	O	
hovered	O	O	O	O	
over	O	O	O	O	
the	O	O	O	O	
flickering	O	O	O	O	
light	O	O	O	O	
;	O	O	O	O	
it	O	O	O	O	
drifted	O	O	O	O	
in	O	O	O	O	
the	O	O	O	O	
darkness	O	O	O	O	
beyond	O	O	O	O	
.	O	O	O	O	

This	O	O	O	O	
hour	O	O	O	O	
,	O	O	O	O	
when	O	O	O	O	
the	O	O	O	O	
day	O	O	O	O	
had	O	O	O	O	
closed	O	O	O	O	
and	O	O	O	O	
the	O	O	O	O	
lonely	O	O	O	O	
desert	B-LOC	O	O	O	
night	O	O	O	O	
set	O	O	O	O	
in	O	O	O	O	
with	O	O	O	O	
its	O	O	O	O	
dead	O	O	O	O	
silence	O	O	O	O	
,	O	O	O	O	
was	O	O	O	O	
one	O	O	O	O	
in	O	O	O	O	
which	O	O	O	O	
Cameron	B-PER	O	O	O	
's	O	O	O	O	
mind	O	O	O	O	
was	O	O	O	O	
thronged	O	O	O	O	
with	O	O	O	O	
memories	O	O	O	O	
of	O	O	O	O	
a	O	O	O	O	
time	O	O	O	O	
long	O	O	O	O	
past	O	O	O	O	
--	O	O	O	O	
of	O	O	O	O	
a	O	B-FAC	O	O	
home	O	I-FAC	O	O	
back	O	I-FAC	O	O	
in	O	I-FAC	O	O	
Peoria	B-GPE	I-FAC	O	O	
,	O	O	O	O	
of	O	O	O	O	
a	B-PER	O	O	O	
woman	I-PER	O	O	O	
he	I-PER	O	O	O	
had	I-PER	O	O	O	
wronged	I-PER	O	O	O	
and	I-PER	O	O	O	
lost	I-PER	O	O	O	
,	I-PER	O	O	O	
and	I-PER	O	O	O	
loved	I-PER	O	O	O	
too	I-PER	O	O	O	
late	I-PER	O	O	O	
.	O	O	O	O	

He	O	O	O	O	
was	O	O	O	O	
a	B-PER	O	O	O	
prospector	I-PER	O	O	O	
for	I-PER	O	O	O	
gold	I-PER	O	O	O	
,	O	O	O	O	
a	B-PER	O	O	O	
hunter	I-PER	O	O	O	
of	I-PER	O	O	O	
solitude	I-PER	O	O	O	
,	O	O	O	O	
a	B-PER	O	O	O	
lover	I-PER	O	O	O	
of	I-PER	O	O	O	
the	I-PER	O	O	O	
drear	I-PER	O	O	O	
,	I-PER	O	O	O	
rock-ribbed	I-PER	O	O	O	
infinitude	I-PER	O	O	O	
,	O	O	O	O	
because	O	O	O	O	
he	O	O	O	O	
wanted	O	O	O	O	
to	O	O	O	O	
be	O	O	O	O	
alone	O	O	O	O	
to	O	O	O	O	
remember	O	O	O	O	
.	O	O	O	O	

A	O	O	O	O	
sound	O	O	O	O	
disturbed	O	O	O	O	
Cameron	B-PER	O	O	O	
's	O	O	O	O	
reflections	O	O	O	O	
.	O	O	O	O	

He	O	O	O	O	
bent	O	O	O	O	
his	O	O	O	O	
head	O	O	O	O	
listening	O	O	O	O	
.	O	O	O	O	

A	O	O	O	O	
soft	O	O	O	O	
wind	O	O	O	O	
fanned	O	O	O	O	
the	O	O	O	O	
paling	O	O	O	O	
embers	O	O	O	O	
,	O	O	O	O	
blew	O	O	O	O	
sparks	O	O	O	O	
and	O	O	O	O	
white	O	O	O	O	
ashes	O	O	O	O	
and	O	O	O	O	
thin	O	O	O	O	
smoke	O	O	O	O	
away	O	O	O	O	
into	O	O	O	O	
the	O	O	O	O	
enshrouding	O	O	O	O	
circle	O	O	O	O	
of	O	O	O	O	
blackness	O	O	O	O	
.	O	O	O	O	

His	O	O	O	O	
burro	O	O	O	O	
did	O	O	O	O	
not	O	O	O	O	
appear	O	O	O	O	
to	O	O	O	O	
be	O	O	O	O	
moving	O	O	O	O	
about	O	O	O	O	
.	O	O	O	O	

The	O	O	O	O	
quiet	O	O	O	O	
split	O	O	O	O	
to	O	O	O	O	
the	O	O	O	O	
cry	O	O	O	O	
of	O	O	O	O	
a	O	O	O	O	
coyote	O	O	O	O	
.	O	O	O	O	

It	O	O	O	O	
rose	O	O	O	O	
strange	O	O	O	O	
,	O	O	O	O	
wild	O	O	O	O	
,	O	O	O	O	
mournful	O	O	O	O	
--	O	O	O	O	
not	O	O	O	O	
the	O	O	O	O	
howl	O	O	O	O	
of	O	O	O	O	
a	O	O	O	O	
prowling	O	O	O	O	
upland	O	O	O	O	
beast	O	O	O	O	
baying	O	O	O	O	
the	O	O	O	O	
campfire	O	O	O	O	
or	O	O	O	O	
barking	O	O	O	O	
at	O	O	O	O	
a	B-PER	O	O	O	
lonely	I-PER	O	O	O	
prospector	I-PER	O	O	O	
,	O	O	O	O	
but	O	O	O	O	
the	O	O	O	O	
wail	O	O	O	O	
of	O	O	O	O	
a	O	O	O	O	
wolf	O	O	O	O	
,	O	O	O	O	
full-voiced	O	O	O	O	
,	O	O	O	O	
crying	O	O	O	O	
out	O	O	O	O	
the	O	O	O	O	
meaning	O	O	O	O	
of	O	O	O	O	
the	O	O	O	O	
desert	B-LOC	O	O	O	
and	O	O	O	O	
the	O	O	O	O	
night	O	O	O	O	
.	O	O	O	O	

Hunger	O	O	O	O	
throbbed	O	O	O	O	
in	O	O	O	O	
it	O	O	O	O	
--	O	O	O	O	
hunger	O	O	O	O	
for	O	O	O	O	
a	O	O	O	O	
mate	O	O	O	O	
,	O	O	O	O	
for	O	O	O	O	
offspring	O	O	O	O	
,	O	O	O	O	
for	O	O	O	O	
life	O	O	O	O	
.	O	O	O	O	

When	O	O	O	O	
it	O	O	O	O	
ceased	O	O	O	O	
,	O	O	O	O	
the	O	O	O	O	
terrible	O	O	O	O	
desert	B-LOC	O	O	O	
silence	O	O	O	O	
smote	O	O	O	O	
Cameron	O	O	O	O	
,	O	O	O	O	
and	O	O	O	O	
the	O	O	O	O	
cry	O	O	O	O	
echoed	O	O	O	O	
in	O	O	O	O	
his	O	O	O	O	
soul	O	O	O	O	
.	O	O	O	O	

He	O	O	O	O	
and	O	O	O	O	
that	O	O	O	O	
wandering	O	O	O	O	
wolf	O	O	O	O	
were	O	O	O	O	
brothers	O	O	O	O	
.	O	O	O	O	

Then	O	O	O	O	
a	O	O	O	O	
sharp	O	O	O	O	
clink	O	O	O	O	
of	O	O	O	O	
metal	O	O	O	O	
on	O	O	O	O	
stone	O	O	O	O	
and	O	O	O	O	
soft	O	O	O	O	
pads	O	O	O	O	
of	O	O	O	O	
hoofs	O	O	O	O	
in	O	O	O	O	
sand	O	O	O	O	
prompted	O	O	O	O	
Cameron	B-PER	O	O	O	
to	O	O	O	O	
reach	O	O	O	O	
for	O	O	O	O	
his	O	O	O	O	
gun	O	O	O	O	
,	O	O	O	O	
and	O	O	O	O	
to	O	O	O	O	
move	O	O	O	O	
out	O	O	O	O	
of	O	O	O	O	
the	O	O	O	O	
light	O	O	O	O	
of	O	O	O	O	
the	O	O	O	O	
waning	O	O	O	O	
campfire	O	O	O	O	
.	O	O	O	O	

He	O	O	O	O	
was	O	O	O	O	
somewhere	O	O	O	O	
along	O	O	O	O	
the	O	O	O	O	
wild	O	O	O	O	
border	O	O	O	O	
line	O	O	O	O	
between	O	O	O	O	
Sonora	B-LOC	O	O	O	
and	O	O	O	O	
Arizona	B-GPE	O	O	O	
;	O	O	O	O	
and	O	O	O	O	
the	B-PER	O	O	O	
prospector	I-PER	O	O	O	
who	I-PER	O	O	O	
dared	I-PER	O	O	O	
the	I-PER	O	O	O	
heat	I-PER	O	O	O	
and	I-PER	O	O	O	
barrenness	I-PER	O	O	O	
of	I-PER	O	O	O	
that	I-PER	O	O	O	
region	I-PER	O	O	O	
risked	O	O	O	O	
other	O	O	O	O	
dangers	O	O	O	O	
sometimes	O	O	O	O	
as	O	O	O	O	
menacing	O	O	O	O	
.	O	O	O	O	

Figures	O	O	O	O	
darker	O	O	O	O	
than	O	O	O	O	
the	O	O	O	O	
gloom	O	O	O	O	
approached	O	O	O	O	
and	O	O	O	O	
took	O	O	O	O	
shape	O	O	O	O	
,	O	O	O	O	
and	O	O	O	O	
in	O	O	O	O	
the	O	O	O	O	
light	O	O	O	O	
turned	O	O	O	O	
out	O	O	O	O	
to	O	O	O	O	
be	O	O	O	O	
those	O	O	O	O	
of	O	O	O	O	
a	B-PER	O	O	O	
white	I-PER	O	O	O	
man	I-PER	O	O	O	
and	O	O	O	O	
a	O	O	O	O	
heavily	O	O	O	O	
packed	O	O	O	O	
burro	O	O	O	O	
.	O	O	O	O	

"	O	O	O	O	
Hello	O	O	O	O	
there	O	O	O	O	
,	O	O	O	O	
"	O	O	O	O	
the	B-PER	O	O	O	
man	I-PER	O	O	O	
called	O	O	O	O	
,	O	O	O	O	
as	O	O	O	O	
he	O	O	O	O	
came	O	O	O	O	
to	O	O	O	O	
a	O	O	O	O	
halt	O	O	O	O	
and	O	O	O	O	
gazed	O	O	O	O	
about	O	O	O	O	
him	O	O	O	O	
.	O	O	O	O	

"	O	O	O	O	
I	O	O	O	O	
saw	O	O	O	O	
your	O	O	O	O	
fire	O	O	O	O	
.	O	O	O	O	

May	O	O	O	O	
I	O	O	O	O	
make	O	O	O	O	
camp	O	O	O	O	
here	O	O	O	O	
?	O	O	O	O	
"	O	O	O	O	

Cameron	B-PER	O	O	O	
came	O	O	O	O	
forth	O	O	O	O	
out	O	O	O	O	
of	O	O	O	O	
the	O	O	O	O	
shadow	O	O	O	O	
and	O	O	O	O	
greeted	O	O	O	O	
his	O	B-PER	O	O	
visitor	O	I-PER	O	O	
,	O	I-PER	O	O	
whom	O	I-PER	O	O	
he	O	I-PER	O	O	
took	O	I-PER	O	O	
for	O	I-PER	O	O	
a	B-PER	I-PER	O	O	
prospector	I-PER	I-PER	O	O	
like	I-PER	I-PER	O	O	
himself	I-PER	I-PER	O	O	
.	O	O	O	O	

Cameron	B-PER	O	O	O	
resented	O	O	O	O	
the	O	O	O	O	
breaking	O	O	O	O	
of	O	O	O	O	
his	O	O	O	O	
lonely	O	O	O	O	
campfire	O	O	O	O	
vigil	O	O	O	O	
,	O	O	O	O	
but	O	O	O	O	
he	O	O	O	O	
respected	O	O	O	O	
the	O	O	O	O	
law	O	O	O	O	
of	O	O	O	O	
the	B-LOC	O	O	O	
desert	I-LOC	O	O	O	
.	O	O	O	O	

The	B-PER	O	O	O	
stranger	I-PER	O	O	O	
thanked	O	O	O	O	
him	O	O	O	O	
,	O	O	O	O	
and	O	O	O	O	
then	O	O	O	O	
slipped	O	O	O	O	
the	O	O	O	O	
pack	O	O	O	O	
from	O	O	O	O	
his	O	O	O	O	
burro	O	O	O	O	
.	O	O	O	O	

Then	O	O	O	O	
he	O	O	O	O	
rolled	O	O	O	O	
out	O	O	O	O	
his	O	O	O	O	
pack	O	O	O	O	
and	O	O	O	O	
began	O	O	O	O	
preparations	O	O	O	O	
for	O	O	O	O	
a	O	O	O	O	
meal	O	O	O	O	
.	O	O	O	O	

His	O	O	O	O	
movements	O	O	O	O	
were	O	O	O	O	
slow	O	O	O	O	
and	O	O	O	O	
methodical	O	O	O	O	
.	O	O	O	O	

Cameron	B-PER	O	O	O	
watched	O	O	O	O	
him	O	O	O	O	
,	O	O	O	O	
still	O	O	O	O	
with	O	O	O	O	
resentment	O	O	O	O	
,	O	O	O	O	
yet	O	O	O	O	
with	O	O	O	O	
a	O	O	O	O	
curious	O	O	O	O	
and	O	O	O	O	
growing	O	O	O	O	
interest	O	O	O	O	
.	O	O	O	O	

The	O	O	O	O	
campfire	O	O	O	O	
burst	O	O	O	O	
into	O	O	O	O	
a	O	O	O	O	
bright	O	O	O	O	
blaze	O	O	O	O	
,	O	O	O	O	
and	O	O	O	O	
by	O	O	O	O	
its	O	O	O	O	
light	O	O	O	O	
Cameron	B-PER	O	O	O	
saw	O	O	O	O	
a	B-PER	O	O	O	
man	I-PER	O	O	O	
whose	I-PER	O	O	O	
gray	I-PER	O	O	O	
hair	I-PER	O	O	O	
somehow	I-PER	O	O	O	
did	I-PER	O	O	O	
not	I-PER	O	O	O	
seem	I-PER	O	O	O	
to	I-PER	O	O	O	
make	I-PER	O	O	O	
him	I-PER	O	O	O	
old	I-PER	O	O	O	
,	I-PER	O	O	O	
and	I-PER	O	O	O	
whose	I-PER	O	O	O	
stooped	I-PER	O	O	O	
shoulders	I-PER	O	O	O	
did	I-PER	O	O	O	
not	I-PER	O	O	O	
detract	I-PER	O	O	O	
from	I-PER	O	O	O	
an	I-PER	O	O	O	
impression	I-PER	O	O	O	
of	I-PER	O	O	O	
rugged	I-PER	O	O	O	
strength	I-PER	O	O	O	
.	O	O	O	O	

"	O	O	O	O	
Find	O	O	O	O	
any	O	O	O	O	
mineral	O	O	O	O	
?	O	O	O	O	
"	O	O	O	O	
asked	O	O	O	O	
Cameron	B-PER	O	O	O	
,	O	O	O	O	
presently	O	O	O	O	
.	O	O	O	O	

His	B-PER	O	O	O	
visitor	I-PER	O	O	O	
looked	O	O	O	O	
up	O	O	O	O	
quickly	O	O	O	O	
,	O	O	O	O	
as	O	O	O	O	
if	O	O	O	O	
startled	O	O	O	O	
by	O	O	O	O	
the	O	O	O	O	
sound	O	O	O	O	
of	O	O	O	O	
a	O	O	O	O	
human	O	O	O	O	
voice	O	O	O	O	
.	O	O	O	O	

He	O	O	O	O	
replied	O	O	O	O	
,	O	O	O	O	
and	O	O	O	O	
then	O	O	O	O	
the	B-PER	O	O	O	
two	I-PER	O	O	O	
men	I-PER	O	O	O	
talked	O	O	O	O	
a	O	O	O	O	
little	O	O	O	O	
.	O	O	O	O	

But	O	O	O	O	
the	B-PER	O	O	O	
stranger	I-PER	O	O	O	
evidently	O	O	O	O	
preferred	O	O	O	O	
silence	O	O	O	O	
.	O	O	O	O	

Cameron	B-PER	O	O	O	
understood	O	O	O	O	
that	O	O	O	O	
.	O	O	O	O	

He	O	O	O	O	
laughed	O	O	O	O	
grimly	O	O	O	O	
and	O	O	O	O	
bent	O	O	O	O	
a	O	O	O	O	
keener	O	O	O	O	
gaze	O	O	O	O	
upon	O	O	O	O	
the	O	O	O	O	
furrowed	O	O	O	O	
,	O	O	O	O	
shadowy	O	O	O	O	
face	O	O	O	O	
.	O	O	O	O	

Another	O	O	O	O	
of	O	O	O	O	
those	B-PER	O	O	O	
strange	I-PER	O	O	O	
desert	I-PER	O	O	O	
prospectors	I-PER	O	O	O	
in	I-PER	O	O	O	
whom	I-PER	O	O	O	
there	I-PER	O	O	O	
was	I-PER	O	O	O	
some	I-PER	O	O	O	
relentless	I-PER	O	O	O	
driving	I-PER	O	O	O	
power	I-PER	O	O	O	
besides	I-PER	O	O	O	
the	I-PER	O	O	O	
lust	I-PER	O	O	O	
for	I-PER	O	O	O	
gold	I-PER	O	O	O	
!	O	O	O	O	

Cameron	B-PER	O	O	O	
felt	O	O	O	O	
that	O	O	O	O	
between	O	O	O	O	
this	B-PER	O	O	O	
man	I-PER	O	O	O	
and	O	O	O	O	
himself	O	O	O	O	
there	O	O	O	O	
was	O	O	O	O	
a	O	O	O	O	
subtle	O	O	O	O	
affinity	O	O	O	O	
,	O	O	O	O	
vague	O	O	O	O	
and	O	O	O	O	
undefined	O	O	O	O	
,	O	O	O	O	
perhaps	O	O	O	O	
born	O	O	O	O	
of	O	O	O	O	
the	O	O	O	O	
divination	O	O	O	O	
that	O	O	O	O	
here	O	O	O	O	
was	O	O	O	O	
a	O	B-PER	O	O	
desert	B-LOC	I-PER	O	O	
wanderer	O	I-PER	O	O	
like	O	O	O	O	
himself	O	O	O	O	
,	O	O	O	O	
perhaps	O	O	O	O	
born	O	O	O	O	
of	O	O	O	O	
a	O	O	O	O	
deeper	O	O	O	O	
,	O	O	O	O	
an	O	O	O	O	
unintelligible	O	O	O	O	
relation	O	O	O	O	
having	O	O	O	O	
its	O	O	O	O	
roots	O	O	O	O	
back	O	O	O	O	
in	O	O	O	O	
the	O	O	O	O	
past	O	O	O	O	
.	O	O	O	O	

A	O	O	O	O	
long-forgotten	O	O	O	O	
sensation	O	O	O	O	
stirred	O	O	O	O	
in	O	O	O	O	
Cameron	B-PER	O	O	O	
's	O	O	O	O	
breast	O	O	O	O	
,	O	O	O	O	
one	O	O	O	O	
so	O	O	O	O	
long	O	O	O	O	
forgotten	O	O	O	O	
that	O	O	O	O	
he	O	O	O	O	
could	O	O	O	O	
not	O	O	O	O	
recognize	O	O	O	O	
it	O	O	O	O	
.	O	O	O	O	

But	O	O	O	O	
it	O	O	O	O	
was	O	O	O	O	
akin	O	O	O	O	
to	O	O	O	O	
pain	O	O	O	O	
.	O	O	O	O	

II	O	O	O	O	
When	O	O	O	O	
he	O	O	O	O	
awakened	O	O	O	O	
he	O	O	O	O	
found	O	O	O	O	
,	O	O	O	O	
to	O	O	O	O	
his	O	O	O	O	
surprise	O	O	O	O	
,	O	O	O	O	
that	O	O	O	O	
his	B-PER	O	O	O	
companion	I-PER	O	O	O	
had	O	O	O	O	
departed	O	O	O	O	
.	O	O	O	O	

A	O	O	O	O	
trail	O	O	O	O	
in	O	O	O	O	
the	O	O	O	O	
sand	O	O	O	O	
led	O	O	O	O	
off	O	O	O	O	
to	O	O	O	O	
the	O	O	O	O	
north	O	O	O	O	
.	O	O	O	O	

There	O	O	O	O	
was	O	O	O	O	
no	O	O	O	O	
water	O	O	O	O	
in	O	O	O	O	
that	O	O	O	O	
direction	O	O	O	O	
.	O	O	O	O	

Cameron	B-PER	O	O	O	
shrugged	O	O	O	O	
his	O	O	O	O	
shoulders	O	O	O	O	
;	O	O	O	O	
it	O	O	O	O	
was	O	O	O	O	
not	O	O	O	O	
his	O	O	O	O	
affair	O	O	O	O	
;	O	O	O	O	
he	O	O	O	O	
had	O	O	O	O	
his	O	O	O	O	
own	O	O	O	O	
problems	O	O	O	O	
.	O	O	O	O	

And	O	O	O	O	
straightway	O	O	O	O	
he	O	O	O	O	
forgot	O	O	O	O	
his	B-PER	O	O	O	
strange	I-PER	O	O	O	
visitor	I-PER	O	O	O	
.	O	O	O	O	

Cameron	B-PER	O	O	O	
began	O	O	O	O	
his	O	O	O	O	
day	O	O	O	O	
,	O	O	O	O	
grateful	O	O	O	O	
for	O	O	O	O	
the	O	O	O	O	
solitude	O	O	O	O	
that	O	O	O	O	
was	O	O	O	O	
now	O	O	O	O	
unbroken	O	O	O	O	
,	O	O	O	O	
for	O	O	O	O	
the	O	O	O	O	
canyon-furrowed	B-LOC	O	O	O	
and	O	O	O	O	
cactus-spired	O	O	O	O	
scene	O	O	O	O	
that	O	O	O	O	
now	O	O	O	O	
showed	O	O	O	O	
no	O	O	O	O	
sign	O	O	O	O	
of	O	O	O	O	
life	O	O	O	O	
.	O	O	O	O	

He	O	O	O	O	
traveled	O	O	O	O	
southwest	O	O	O	O	
,	O	O	O	O	
never	O	O	O	O	
straying	O	O	O	O	
far	O	O	O	O	
from	O	O	O	O	
the	B-LOC	O	O	O	
dry	I-LOC	O	O	O	
stream	I-LOC	O	O	O	
bed	I-LOC	O	O	O	
;	O	O	O	O	
and	O	O	O	O	
in	O	O	O	O	
a	O	O	O	O	
desultory	O	O	O	O	
way	O	O	O	O	
,	O	O	O	O	
without	O	O	O	O	
eagerness	O	O	O	O	
,	O	O	O	O	
he	O	O	O	O	
hunted	O	O	O	O	
for	O	O	O	O	
signs	O	O	O	O	
of	O	O	O	O	
gold	O	O	O	O	
.	O	O	O	O	

The	O	O	O	O	
work	O	O	O	O	
was	O	O	O	O	
toilsome	O	O	O	O	
,	O	O	O	O	
yet	O	O	O	O	
the	O	O	O	O	
periods	O	O	O	O	
of	O	O	O	O	
rest	O	O	O	O	
in	O	O	O	O	
which	O	O	O	O	
he	O	O	O	O	
indulged	O	O	O	O	
were	O	O	O	O	
not	O	O	O	O	
taken	O	O	O	O	
because	O	O	O	O	
of	O	O	O	O	
fatigue	O	O	O	O	
.	O	O	O	O	

He	O	O	O	O	
rested	O	O	O	O	
to	O	O	O	O	
look	O	O	O	O	
,	O	O	O	O	
to	O	O	O	O	
listen	O	O	O	O	
,	O	O	O	O	
to	O	O	O	O	
feel	O	O	O	O	
.	O	O	O	O	

What	O	O	O	O	
the	B-LOC	O	O	O	
vast	I-LOC	O	O	O	
silent	I-LOC	O	O	O	
world	I-LOC	O	O	O	
meant	O	O	O	O	
to	O	O	O	O	
him	O	O	O	O	
had	O	O	O	O	
always	O	O	O	O	
been	O	O	O	O	
a	O	O	O	O	
mystical	O	O	O	O	
thing	O	O	O	O	
,	O	O	O	O	
which	O	O	O	O	
he	O	O	O	O	
felt	O	O	O	O	
in	O	O	O	O	
all	O	O	O	O	
its	O	O	O	O	
incalculable	O	O	O	O	
power	O	O	O	O	
,	O	O	O	O	
but	O	O	O	O	
never	O	O	O	O	
understood	O	O	O	O	
.	O	O	O	O	

That	O	O	O	O	
day	O	O	O	O	
,	O	O	O	O	
while	O	O	O	O	
it	O	O	O	O	
was	O	O	O	O	
yet	O	O	O	O	
light	O	O	O	O	
,	O	O	O	O	
and	O	O	O	O	
he	O	O	O	O	
was	O	O	O	O	
digging	O	O	O	O	
in	O	O	O	O	
a	O	O	O	O	
moist	O	O	O	O	
white-bordered	O	O	O	O	
wash	O	O	O	O	
for	O	O	O	O	
water	O	O	O	O	
,	O	O	O	O	
he	O	O	O	O	
was	O	O	O	O	
brought	O	O	O	O	
sharply	O	O	O	O	
up	O	O	O	O	
by	O	O	O	O	
hearing	O	O	O	O	
the	O	O	O	O	
crack	O	O	O	O	
of	O	O	O	O	
hard	O	O	O	O	
hoofs	O	O	O	O	
on	O	O	O	O	
stone	O	O	O	O	
.	O	O	O	O	

There	O	O	O	O	
down	O	O	O	O	
the	B-LOC	O	O	O	
canyon	I-LOC	O	O	O	
came	O	O	O	O	
a	B-PER	O	O	O	
man	I-PER	O	O	O	
and	O	O	O	O	
a	O	O	O	O	
burro	O	O	O	O	
.	O	O	O	O	

Cameron	B-PER	O	O	O	
recognized	O	O	O	O	
them	O	O	O	O	
.	O	O	O	O	

"	O	O	O	O	
Hello	O	O	O	O	
,	O	O	O	O	
friend	O	O	O	O	
,	O	O	O	O	
"	O	O	O	O	
called	O	O	O	O	
the	B-PER	O	O	O	
man	I-PER	O	O	O	
,	O	O	O	O	
halting	O	O	O	O	
.	O	O	O	O	

"	O	O	O	O	
Our	O	O	O	O	
trails	O	O	O	O	
crossed	O	O	O	O	
again	O	O	O	O	
.	O	O	O	O	

That	O	O	O	O	
's	O	O	O	O	
good	O	O	O	O	
.	O	O	O	O	
"	O	O	O	O	

"	O	O	O	O	
Hello	O	O	O	O	
,	O	O	O	O	
"	O	O	O	O	
replied	O	O	O	O	
Cameron	B-PER	O	O	O	
,	O	O	O	O	
slowly	O	O	O	O	
.	O	O	O	O	

"	O	O	O	O	
Any	O	O	O	O	
mineral	O	O	O	O	
sign	O	O	O	O	
to-day	O	O	O	O	
?	O	O	O	O	
"	O	O	O	O	

"	O	O	O	O	
No	O	O	O	O	
.	O	O	O	O	
"	O	O	O	O	

They	O	O	O	O	
made	O	O	O	O	
camp	O	O	O	O	
together	O	O	O	O	
,	O	O	O	O	
ate	O	O	O	O	
their	O	O	O	O	
frugal	O	O	O	O	
meal	O	O	O	O	
,	O	O	O	O	
smoked	O	O	O	O	
a	O	O	O	O	
pipe	O	O	O	O	
,	O	O	O	O	
and	O	O	O	O	
rolled	O	O	O	O	
in	O	O	O	O	
their	O	O	O	O	
blankets	O	O	O	O	
without	O	O	O	O	
exchanging	O	O	O	O	
many	O	O	O	O	
words	O	O	O	O	
.	O	O	O	O	

In	O	O	O	O	
the	O	O	O	O	
morning	O	O	O	O	
the	O	O	O	O	
same	O	O	O	O	
reticence	O	O	O	O	
,	O	O	O	O	
the	O	O	O	O	
same	O	O	O	O	
aloofness	O	O	O	O	
characterized	O	O	O	O	
the	O	O	O	O	
manner	O	O	O	O	
of	O	O	O	O	
both	O	O	O	O	
.	O	O	O	O	

But	O	O	O	O	
Cameron	B-PER	B-PER	O	O	
's	O	I-PER	O	O	
companion	O	I-PER	O	O	
,	O	O	O	O	
when	O	O	O	O	
he	O	O	O	O	
had	O	O	O	O	
packed	O	O	O	O	
his	O	O	O	O	
burro	O	O	O	O	
and	O	O	O	O	
was	O	O	O	O	
ready	O	O	O	O	
to	O	O	O	O	
start	O	O	O	O	
,	O	O	O	O	
faced	O	O	O	O	
about	O	O	O	O	
and	O	O	O	O	
said	O	O	O	O	
:	O	O	O	O	
"	O	O	O	O	
We	O	O	O	O	
might	O	O	O	O	
stay	O	O	O	O	
together	O	O	O	O	
,	O	O	O	O	
if	O	O	O	O	
it	O	O	O	O	
's	O	O	O	O	
all	O	O	O	O	
right	O	O	O	O	
with	O	O	O	O	
you	O	O	O	O	
.	O	O	O	O	
"	O	O	O	O	

"	O	O	O	O	
I	O	O	O	O	
never	O	O	O	O	
take	O	O	O	O	
a	B-PER	O	O	O	
partner	I-PER	O	O	O	
,	O	O	O	O	
"	O	O	O	O	
replied	O	O	O	O	
Cameron	B-PER	O	O	O	
.	O	O	O	O	

"	O	O	O	O	
You	O	O	O	O	
're	O	O	O	O	
alone	O	O	O	O	
;	O	O	O	O	
I	O	O	O	O	
'm	O	O	O	O	
alone	O	O	O	O	
,	O	O	O	O	
"	O	O	O	O	
said	O	O	O	O	
the	O	O	O	O	
other	O	O	O	O	
,	O	O	O	O	
mildly	O	O	O	O	
.	O	O	O	O	

"	O	O	O	O	
It	O	O	O	O	
's	O	O	O	O	
a	O	O	O	O	
big	O	O	O	O	
place	O	O	O	O	
.	O	O	O	O	

If	O	O	O	O	
we	O	O	O	O	
find	O	O	O	O	
gold	O	O	O	O	
there	O	O	O	O	
'll	O	O	O	O	
be	O	O	O	O	
enough	O	O	O	O	
for	O	O	O	O	
two	O	O	O	O	
.	O	O	O	O	
"	O	O	O	O	

"	O	O	O	O	
I	O	O	O	O	
do	O	O	O	O	
n't	O	O	O	O	
go	O	O	O	O	
down	O	O	O	O	
into	O	O	O	O	
the	B-LOC	O	O	O	
desert	I-LOC	O	O	O	
for	O	O	O	O	
gold	O	O	O	O	
alone	O	O	O	O	
,	O	O	O	O	
"	O	O	O	O	
rejoined	O	O	O	O	
Cameron	B-PER	O	O	O	
,	O	O	O	O	
with	O	O	O	O	
a	O	O	O	O	
chill	O	O	O	O	
note	O	O	O	O	
in	O	O	O	O	
his	O	O	O	O	
swift	O	O	O	O	
reply	O	O	O	O	
.	O	O	O	O	

His	B-PER	O	O	O	
companion	I-PER	O	O	O	
's	O	O	O	O	
deep-set	O	O	O	O	
,	O	O	O	O	
luminous	O	O	O	O	
eyes	O	O	O	O	
emitted	O	O	O	O	
a	O	O	O	O	
singular	O	O	O	O	
flash	O	O	O	O	
.	O	O	O	O	

It	O	O	O	O	
moved	O	O	O	O	
Cameron	B-PER	O	O	O	
to	O	O	O	O	
say	O	O	O	O	
that	O	O	O	O	
in	O	O	O	O	
the	O	O	O	O	
years	O	O	O	O	
of	O	O	O	O	
his	O	O	O	O	
wandering	O	O	O	O	
he	O	O	O	O	
had	O	O	O	O	
met	O	O	O	O	
no	O	B-PER	O	O	
man	O	I-PER	O	O	
who	O	I-PER	O	O	
could	O	I-PER	O	O	
endure	O	I-PER	O	O	
equally	O	I-PER	O	O	
with	O	I-PER	O	O	
him	O	I-PER	O	O	
the	O	I-PER	O	O	
blasting	O	I-PER	O	O	
heat	O	I-PER	O	O	
,	O	I-PER	O	O	
the	O	I-PER	O	O	
blinding	O	I-PER	O	O	
dust	O	I-PER	O	O	
storms	O	I-PER	O	O	
,	O	I-PER	O	O	
the	B-LOC	I-PER	O	O	
wilderness	I-LOC	I-PER	O	O	
of	I-LOC	I-PER	O	O	
sand	I-LOC	I-PER	O	O	
and	I-LOC	I-PER	O	O	
rock	I-LOC	I-PER	O	O	
and	I-LOC	I-PER	O	O	
lava	I-LOC	I-PER	O	O	
and	I-LOC	I-PER	O	O	
cactus	I-LOC	I-PER	O	O	
,	O	I-PER	O	O	
the	O	I-PER	O	O	
terrible	O	I-PER	O	O	
silence	O	I-PER	O	O	
and	O	I-PER	O	O	
desolation	O	I-PER	O	O	
of	O	I-PER	O	O	
the	B-LOC	I-PER	O	O	
desert	I-LOC	I-PER	O	O	
.	O	O	O	O	

Cameron	B-PER	O	O	O	
waved	O	O	O	O	
a	O	O	O	O	
hand	O	O	O	O	
toward	O	O	O	O	
the	O	O	O	O	
wide	O	O	O	O	
,	O	O	O	O	
shimmering	O	O	O	O	
,	O	O	O	O	
shadowy	O	O	O	O	
descent	O	O	O	O	
of	O	O	O	O	
plain	B-LOC	O	O	O	
and	O	O	O	O	
range	B-LOC	O	O	O	
.	O	O	O	O	

"	O	O	O	O	
I	O	O	O	O	
may	O	O	O	O	
strike	O	O	O	O	
through	O	O	O	O	
the	B-LOC	O	O	O	
Sonora	I-LOC	O	O	O	
Desert	I-LOC	O	O	O	
.	O	O	O	O	

I	O	O	O	O	
may	O	O	O	O	
head	O	O	O	O	
for	O	O	O	O	
Pinacate	B-GPE	O	O	O	
or	O	O	O	O	
north	O	O	O	O	
for	O	O	O	O	
the	B-LOC	O	O	O	
Colorado	I-LOC	O	O	O	
Basin	I-LOC	O	O	O	
.	O	O	O	O	

You	O	O	O	O	
are	O	O	O	O	
an	B-PER	O	O	O	
old	I-PER	O	O	O	
man	I-PER	O	O	O	
.	O	O	O	O	
"	O	O	O	O	

"	O	O	O	O	
I	O	O	O	O	
do	O	O	O	O	
n't	O	O	O	O	
know	O	O	O	O	
the	B-LOC	O	O	O	
country	I-LOC	O	O	O	
,	O	O	O	O	
but	O	O	O	O	
to	O	O	O	O	
me	O	O	O	O	
one	O	O	O	O	
place	O	O	O	O	
is	O	O	O	O	
the	O	O	O	O	
same	O	O	O	O	
as	O	O	O	O	
another	O	O	O	O	
,	O	O	O	O	
"	O	O	O	O	
replied	O	O	O	O	
his	B-PER	O	O	O	
companion	I-PER	O	O	O	
.	O	O	O	O	

For	O	O	O	O	
moments	O	O	O	O	
he	O	O	O	O	
seemed	O	O	O	O	
to	O	O	O	O	
forget	O	O	O	O	
himself	O	O	O	O	
,	O	O	O	O	
and	O	O	O	O	
swept	O	O	O	O	
his	O	O	O	O	
far-reaching	O	O	O	O	
gaze	O	O	O	O	
out	O	O	O	O	
over	O	O	O	O	
the	B-LOC	O	O	O	
colored	I-LOC	O	O	O	
gulf	I-LOC	O	O	O	
of	I-LOC	O	O	O	
stone	I-LOC	O	O	O	
and	I-LOC	O	O	O	
sand	I-LOC	O	O	O	
.	O	O	O	O	

Then	O	O	O	O	
with	O	O	O	O	
gentle	O	O	O	O	
slaps	O	O	O	O	
he	O	O	O	O	
drove	O	O	O	O	
his	O	O	O	O	
burro	O	O	O	O	
in	O	O	O	O	
behind	O	O	O	O	
Cameron	B-PER	O	O	O	
.	O	O	O	O	

"	O	O	O	O	
Yes	O	O	O	O	
,	O	O	O	O	
I	O	O	O	O	
'm	O	O	O	O	
old	O	O	O	O	
.	O	O	O	O	

I	O	O	O	O	
'm	O	O	O	O	
lonely	O	O	O	O	
,	O	O	O	O	
too	O	O	O	O	
.	O	O	O	O	

It	O	O	O	O	
's	O	O	O	O	
come	O	O	O	O	
to	O	O	O	O	
me	O	O	O	O	
just	O	O	O	O	
lately	O	O	O	O	
.	O	O	O	O	

But	O	O	O	O	
,	O	O	O	O	
friend	B-PER	O	O	O	
,	O	O	O	O	
I	O	O	O	O	
can	O	O	O	O	
still	O	O	O	O	
travel	O	O	O	O	
,	O	O	O	O	
and	O	O	O	O	
for	O	O	O	O	
a	O	O	O	O	
few	O	O	O	O	
days	O	O	O	O	
my	O	O	O	O	
company	O	O	O	O	
wo	O	O	O	O	
n't	O	O	O	O	
hurt	O	O	O	O	
you	O	O	O	O	
.	O	O	O	O	
"	O	O	O	O	

"	O	O	O	O	
Have	O	O	O	O	
it	O	O	O	O	
your	O	O	O	O	
way	O	O	O	O	
,	O	O	O	O	
"	O	O	O	O	
said	O	O	O	O	
Cameron	B-PER	O	O	O	
.	O	O	O	O	

They	O	O	O	O	
began	O	O	O	O	
a	O	O	O	O	
slow	O	O	O	O	
march	O	O	O	O	
down	O	O	O	O	
into	O	O	O	O	
the	B-LOC	O	O	O	
desert	I-LOC	O	O	O	
.	O	O	O	O	

At	O	O	O	O	
sunset	O	O	O	O	
they	O	O	O	O	
camped	O	O	O	O	
under	O	O	O	O	
the	O	O	O	O	
lee	O	O	O	O	
of	O	O	O	O	
a	B-LOC	O	O	O	
low	I-LOC	O	O	O	
mesa	I-LOC	O	O	O	
.	O	O	O	O	

Cameron	B-PER	O	O	O	
was	O	O	O	O	
glad	O	O	O	O	
his	B-PER	O	O	O	
comrade	I-PER	O	O	O	
had	O	O	O	O	
the	O	O	O	O	
Indian	O	O	O	O	
habit	O	O	O	O	
of	O	O	O	O	
silence	O	O	O	O	
.	O	O	O	O	

Another	O	O	O	O	
day	O	O	O	O	
's	O	O	O	O	
travel	O	O	O	O	
found	O	O	O	O	
the	B-PER	O	O	O	
prospectors	I-PER	O	O	O	
deep	O	O	O	O	
in	O	O	O	O	
the	B-LOC	O	O	O	
wilderness	I-LOC	O	O	O	
.	O	O	O	O	

Then	O	O	O	O	
there	O	O	O	O	
came	O	O	O	O	
a	O	O	O	O	
breaking	O	O	O	O	
of	O	O	O	O	
reserve	O	O	O	O	
,	O	O	O	O	
noticeable	O	O	O	O	
in	O	O	O	O	
the	B-PER	O	O	O	
elder	I-PER	O	O	O	
man	I-PER	O	O	O	
,	O	O	O	O	
almost	O	O	O	O	
imperceptibly	O	O	O	O	
gradual	O	O	O	O	
in	O	O	O	O	
Cameron	B-PER	O	O	O	
.	O	O	O	O	

Beside	O	O	O	O	
the	O	O	O	O	
meager	O	O	O	O	
mesquite	O	O	O	O	
campfire	O	O	O	O	
this	B-PER	O	O	O	
gray-faced	I-PER	O	O	O	
,	I-PER	O	O	O	
thoughtful	I-PER	O	O	O	
old	I-PER	O	O	O	
prospector	I-PER	O	O	O	
would	O	O	O	O	
remove	O	O	O	O	
his	O	O	O	O	
black	O	O	O	O	
pipe	O	O	O	O	
from	O	O	O	O	
his	O	O	O	O	
mouth	O	O	O	O	
to	O	O	O	O	
talk	O	O	O	O	
a	O	O	O	O	
little	O	O	O	O	
;	O	O	O	O	
and	O	O	O	O	
Cameron	B-PER	O	O	O	
would	O	O	O	O	
listen	O	O	O	O	
,	O	O	O	O	
and	O	O	O	O	
sometimes	O	O	O	O	
unlock	O	O	O	O	
his	O	O	O	O	
lips	O	O	O	O	
to	O	O	O	O	
speak	O	O	O	O	
a	O	O	O	O	
word	O	O	O	O	
.	O	O	O	O	

And	O	O	O	O	
so	O	O	O	O	
,	O	O	O	O	
as	O	O	O	O	
Cameron	B-PER	O	O	O	
began	O	O	O	O	
to	O	O	O	O	
respond	O	O	O	O	
to	O	O	O	O	
the	O	O	O	O	
influence	O	O	O	O	
of	O	O	O	O	
a	B-LOC	O	O	O	
desert	I-LOC	O	O	O	
less	I-LOC	O	O	O	
lonely	I-LOC	O	O	O	
than	I-LOC	O	O	O	
habitual	I-LOC	O	O	O	
,	O	O	O	O	
he	O	O	O	O	
began	O	O	O	O	
to	O	O	O	O	
take	O	O	O	O	
keener	O	O	O	O	
note	O	O	O	O	
of	O	O	O	O	
his	B-PER	O	O	O	
comrade	I-PER	O	O	O	
,	O	O	O	O	
and	O	O	O	O	
found	O	O	O	O	
him	O	O	O	O	
different	O	O	O	O	
from	O	O	O	O	
any	O	B-PER	O	O	
other	O	I-PER	O	O	
he	O	I-PER	O	O	
had	O	I-PER	O	O	
ever	O	I-PER	O	O	
encountered	O	I-PER	O	O	
in	O	I-PER	O	O	
the	B-LOC	I-PER	O	O	
wilderness	I-LOC	I-PER	O	O	
.	O	O	O	O	

This	B-PER	O	O	O	
man	I-PER	O	O	O	
never	O	O	O	O	
grumbled	O	O	O	O	
at	O	O	O	O	
the	O	O	O	O	
heat	O	O	O	O	
,	O	O	O	O	
the	O	O	O	O	
glare	O	O	O	O	
,	O	O	O	O	
the	O	O	O	O	
driving	O	O	O	O	
sand	O	O	O	O	
,	O	O	O	O	
the	O	O	O	O	
sour	O	O	O	O	
water	O	O	O	O	
,	O	O	O	O	
the	O	O	O	O	
scant	O	O	O	O	
fare	O	O	O	O	
.	O	O	O	O	

During	O	O	O	O	
the	O	O	O	O	
daylight	O	O	O	O	
hours	O	O	O	O	
he	O	O	O	O	
was	O	O	O	O	
seldom	O	O	O	O	
idle	O	O	O	O	
.	O	O	O	O	

At	O	O	O	O	
night	O	O	O	O	
he	O	O	O	O	
sat	O	O	O	O	
dreaming	O	O	O	O	
before	O	O	O	O	
the	O	O	O	O	
fire	O	O	O	O	
or	O	O	O	O	
paced	O	O	O	O	
to	O	O	O	O	
and	O	O	O	O	
fro	O	O	O	O	
in	O	O	O	O	
the	O	O	O	O	
gloom	O	O	O	O	
.	O	O	O	O	

He	O	O	O	O	
slept	O	O	O	O	
but	O	O	O	O	
little	O	O	O	O	
,	O	O	O	O	
and	O	O	O	O	
that	O	O	O	O	
long	O	O	O	O	
after	O	O	O	O	
Cameron	B-PER	O	O	O	
had	O	O	O	O	
had	O	O	O	O	
his	O	O	O	O	
own	O	O	O	O	
rest	O	O	O	O	
.	O	O	O	O	

He	O	O	O	O	
was	O	O	O	O	
tireless	O	O	O	O	
,	O	O	O	O	
patient	O	O	O	O	
,	O	O	O	O	
brooding	O	O	O	O	
.	O	O	O	O	

Cameron	B-PER	O	O	O	
's	O	O	O	O	
awakened	O	O	O	O	
interest	O	O	O	O	
brought	O	O	O	O	
home	O	O	O	O	
to	O	O	O	O	
him	O	O	O	O	
the	O	O	O	O	
realization	O	O	O	O	
that	O	O	O	O	
for	O	O	O	O	
years	O	O	O	O	
he	O	O	O	O	
had	O	O	O	O	
shunned	O	O	O	O	
companionship	O	O	O	O	
.	O	O	O	O	

In	O	O	O	O	
those	O	O	O	O	
years	O	O	O	O	
only	B-PER	O	O	O	
three	I-PER	O	O	O	
men	I-PER	O	O	O	
had	O	O	O	O	
wandered	O	O	O	O	
into	O	O	O	O	
the	B-LOC	O	O	O	
desert	I-LOC	O	O	O	
with	O	O	O	O	
him	O	O	O	O	
,	O	O	O	O	
and	O	O	O	O	
these	O	O	O	O	
had	O	O	O	O	
left	O	O	O	O	
their	O	O	O	O	
bones	O	O	O	O	
to	O	O	O	O	
bleach	O	O	O	O	
in	O	O	O	O	
the	B-LOC	O	O	O	
shifting	I-LOC	O	O	O	
sands	I-LOC	O	O	O	
.	O	O	O	O	

Cameron	B-PER	O	O	O	
had	O	O	O	O	
not	O	O	O	O	
cared	O	O	O	O	
to	O	O	O	O	
know	O	O	O	O	
their	O	O	O	O	
secrets	O	O	O	O	
.	O	O	O	O	

But	O	O	O	O	
the	O	O	O	O	
more	O	O	O	O	
he	O	O	O	O	
studied	O	O	O	O	
this	B-PER	O	O	O	
latest	I-PER	O	O	O	
comrade	I-PER	O	O	O	
the	O	O	O	O	
more	O	O	O	O	
he	O	O	O	O	
began	O	O	O	O	
to	O	O	O	O	
suspect	O	O	O	O	
that	O	O	O	O	
he	O	O	O	O	
might	O	O	O	O	
have	O	O	O	O	
missed	O	O	O	O	
something	O	O	O	O	
in	O	O	O	O	
the	B-PER	O	O	O	
others	I-PER	O	O	O	
.	O	O	O	O	

In	O	O	O	O	
his	O	O	O	O	
own	O	O	O	O	
driving	O	O	O	O	
passion	O	O	O	O	
to	O	O	O	O	
take	O	O	O	O	
his	O	O	O	O	
secret	O	O	O	O	
into	O	O	O	O	
the	O	O	O	O	
limitless	O	O	O	O	
abode	O	O	O	O	
of	O	O	O	O	
silence	O	O	O	O	
and	O	O	O	O	
desolation	O	O	O	O	
,	O	O	O	O	
where	O	O	O	O	
he	O	O	O	O	
could	O	O	O	O	
be	O	O	O	O	
alone	O	O	O	O	
with	O	O	O	O	
it	O	O	O	O	
,	O	O	O	O	
he	O	O	O	O	
had	O	O	O	O	
forgotten	O	O	O	O	
that	O	O	O	O	
life	O	O	O	O	
dealt	O	O	O	O	
shocks	O	O	O	O	
to	O	O	O	O	
other	B-PER	O	O	O	
men	I-PER	O	O	O	
.	O	O	O	O	

Somehow	O	O	O	O	
this	B-PER	O	O	O	
silent	I-PER	O	O	O	
comrade	I-PER	O	O	O	
reminded	O	O	O	O	
him	O	O	O	O	
.	O	O	O	O	

One	O	O	O	O	
afternoon	O	O	O	O	
late	O	O	O	O	
,	O	O	O	O	
after	O	O	O	O	
they	O	O	O	O	
had	O	O	O	O	
toiled	O	O	O	O	
up	O	O	O	O	
a	B-LOC	O	O	O	
white	I-LOC	O	O	O	
,	I-LOC	O	O	O	
winding	I-LOC	O	O	O	
wash	I-LOC	O	O	O	
of	I-LOC	O	O	O	
sand	I-LOC	O	O	O	
and	I-LOC	O	O	O	
gravel	I-LOC	O	O	O	
,	O	O	O	O	
they	O	O	O	O	
came	O	O	O	O	
upon	O	O	O	O	
a	B-LOC	O	O	O	
dry	I-LOC	O	O	O	
waterhole	I-LOC	O	O	O	
.	O	O	O	O	

Cameron	B-PER	O	O	O	
dug	O	O	O	O	
deep	O	O	O	O	
into	O	O	O	O	
the	B-LOC	O	O	O	
sand	I-LOC	O	O	O	
,	O	O	O	O	
but	O	O	O	O	
without	O	O	O	O	
avail	O	O	O	O	
.	O	O	O	O	

He	O	O	O	O	
was	O	O	O	O	
turning	O	O	O	O	
to	O	O	O	O	
retrace	O	O	O	O	
weary	O	O	O	O	
steps	O	O	O	O	
back	O	O	O	O	
to	O	O	O	O	
the	B-LOC	O	O	O	
last	I-LOC	O	O	O	
water	I-LOC	O	O	O	
when	O	O	O	O	
his	B-PER	O	O	O	
comrade	I-PER	O	O	O	
asked	O	O	O	O	
him	O	O	O	O	
to	O	O	O	O	
wait	O	O	O	O	
.	O	O	O	O	

Cameron	B-PER	O	O	O	
watched	O	O	O	O	
him	O	O	O	O	
search	O	O	O	O	
in	O	O	O	O	
his	O	O	O	O	
pack	O	O	O	O	
and	O	O	O	O	
bring	O	O	O	O	
forth	O	O	O	O	
what	O	O	O	O	
appeared	O	O	O	O	
to	O	O	O	O	
be	O	O	O	O	
a	O	O	O	O	
small	O	O	O	O	
,	O	O	O	O	
forked	O	O	O	O	
branch	O	O	O	O	
of	O	O	O	O	
a	O	O	O	O	
peach	O	O	O	O	
tree	O	O	O	O	
.	O	O	O	O	

He	O	O	O	O	
grasped	O	O	O	O	
the	O	O	O	O	
prongs	O	O	O	O	
of	O	O	O	O	
the	O	O	O	O	
fork	O	O	O	O	
and	O	O	O	O	
held	O	O	O	O	
them	O	O	O	O	
before	O	O	O	O	
him	O	O	O	O	
with	O	O	O	O	
the	O	O	O	O	
end	O	O	O	O	
standing	O	O	O	O	
straight	O	O	O	O	
out	O	O	O	O	
,	O	O	O	O	
and	O	O	O	O	
then	O	O	O	O	
he	O	O	O	O	
began	O	O	O	O	
to	O	O	O	O	
walk	O	O	O	O	
along	O	O	O	O	
the	B-LOC	O	O	O	
stream	I-LOC	O	O	O	
bed	I-LOC	O	O	O	
.	O	O	O	O	

Cameron	B-PER	O	O	O	
,	O	O	O	O	
at	O	O	O	O	
first	O	O	O	O	
amused	O	O	O	O	
,	O	O	O	O	
then	O	O	O	O	
amazed	O	O	O	O	
,	O	O	O	O	
then	O	O	O	O	
pitying	O	O	O	O	
,	O	O	O	O	
and	O	O	O	O	
at	O	O	O	O	
last	O	O	O	O	
curious	O	O	O	O	
,	O	O	O	O	
kept	O	O	O	O	
pace	O	O	O	O	
with	O	O	O	O	
the	B-PER	O	O	O	
prospector	I-PER	O	O	O	
.	O	O	O	O	

He	O	O	O	O	
saw	O	O	O	O	
a	O	O	O	O	
strong	O	O	O	O	
tension	O	O	O	O	
of	O	O	O	O	
his	B-PER	O	O	O	
comrade	I-PER	O	O	O	
's	O	O	O	O	
wrists	O	O	O	O	
,	O	O	O	O	
as	O	O	O	O	
if	O	O	O	O	
he	O	O	O	O	
was	O	O	O	O	
holding	O	O	O	O	
hard	O	O	O	O	
against	O	O	O	O	
a	O	O	O	O	
considerable	O	O	O	O	
force	O	O	O	O	
.	O	O	O	O	

The	O	O	O	O	
end	O	O	O	O	
of	O	O	O	O	
the	O	O	O	O	
peach	O	O	O	O	
branch	O	O	O	O	
began	O	O	O	O	
to	O	O	O	O	
quiver	O	O	O	O	
and	O	O	O	O	
turn	O	O	O	O	
.	O	O	O	O	

Cameron	B-PER	O	O	O	
reached	O	O	O	O	
out	O	O	O	O	
a	O	O	O	O	
hand	O	O	O	O	
to	O	O	O	O	
touch	O	O	O	O	
it	O	O	O	O	
,	O	O	O	O	
and	O	O	O	O	
was	O	O	O	O	
astounded	O	O	O	O	
at	O	O	O	O	
feeling	O	O	O	O	
a	O	O	O	O	
powerful	O	O	O	O	
vibrant	O	O	O	O	
force	O	O	O	O	
pulling	O	O	O	O	
the	O	O	O	O	
branch	O	O	O	O	
downward	O	O	O	O	
.	O	O	O	O	

He	O	O	O	O	
felt	O	O	O	O	
it	O	O	O	O	
as	O	O	O	O	
a	O	O	O	O	
magnetic	O	O	O	O	
shock	O	O	O	O	
.	O	O	O	O	

The	O	O	O	O	
branch	O	O	O	O	
kept	O	O	O	O	
turning	O	O	O	O	
,	O	O	O	O	
and	O	O	O	O	
at	O	O	O	O	
length	O	O	O	O	
pointed	O	O	O	O	
to	O	O	O	O	
the	B-LOC	O	O	O	
ground	I-LOC	O	O	O	
.	O	O	O	O	

"	O	O	O	O	
Dig	O	O	O	O	
here	B-LOC	O	O	O	
,	O	O	O	O	
"	O	O	O	O	
said	O	O	O	O	
the	B-PER	O	O	O	
prospector	I-PER	O	O	O	
.	O	O	O	O	

"	O	O	O	O	
What	O	O	O	O	
!	O	O	O	O	
"	O	O	O	O	
ejaculated	O	O	O	O	
Cameron	B-PER	O	O	O	
.	O	O	O	O	

Had	O	O	O	O	
the	B-PER	O	O	O	
man	I-PER	O	O	O	
lost	O	O	O	O	
his	O	O	O	O	
mind	O	O	O	O	
?	O	O	O	O	

Then	O	O	O	O	
Cameron	B-PER	O	O	O	
stood	O	O	O	O	
by	O	O	O	O	
while	O	O	O	O	
his	B-PER	O	O	O	
comrade	I-PER	O	O	O	
dug	O	O	O	O	
in	O	O	O	O	
the	B-LOC	O	O	O	
sand	I-LOC	O	O	O	
.	O	O	O	O	

Three	O	O	O	O	
feet	O	O	O	O	
he	O	O	O	O	
dug	O	O	O	O	
--	O	O	O	O	
four	O	O	O	O	
--	O	O	O	O	
five	O	O	O	O	
,	O	O	O	O	
and	O	O	O	O	
the	O	O	O	O	
sand	O	O	O	O	
grew	O	O	O	O	
dark	O	O	O	O	
,	O	O	O	O	
then	O	O	O	O	
moist	O	O	O	O	
.	O	O	O	O	

At	O	O	O	O	
six	O	O	O	O	
feet	O	O	O	O	
water	O	O	O	O	
began	O	O	O	O	
to	O	O	O	O	
seep	O	O	O	O	
through	O	O	O	O	
.	O	O	O	O	

"	O	O	O	O	
Get	O	O	O	O	
the	O	O	O	O	
little	O	O	O	O	
basket	O	O	O	O	
in	O	O	O	O	
my	O	O	O	O	
pack	O	O	O	O	
,	O	O	O	O	
"	O	O	O	O	
he	O	O	O	O	
said	O	O	O	O	
.	O	O	O	O	

Cameron	B-PER	O	O	O	
complied	O	O	O	O	
,	O	O	O	O	
and	O	O	O	O	
saw	O	O	O	O	
his	B-PER	O	O	O	
comrade	I-PER	O	O	O	
drop	O	O	O	O	
the	O	O	O	O	
basket	O	O	O	O	
into	O	O	O	O	
the	B-FAC	O	O	O	
deep	I-FAC	O	O	O	
hole	I-FAC	O	O	O	
,	O	O	O	O	
where	O	O	O	O	
it	O	O	O	O	
kept	O	O	O	O	
the	O	O	O	O	
sides	O	O	O	O	
from	O	O	O	O	
caving	O	O	O	O	
in	O	O	O	O	
and	O	O	O	O	
allowed	O	O	O	O	
the	O	O	O	O	
water	O	O	O	O	
to	O	O	O	O	
seep	O	O	O	O	
through	O	O	O	O	
.	O	O	O	O	

While	O	O	O	O	
Cameron	B-PER	O	O	O	
watched	O	O	O	O	
,	O	O	O	O	
the	O	O	O	O	
basket	O	O	O	O	
filled	O	O	O	O	
.	O	O	O	O	

Of	O	O	O	O	
all	O	O	O	O	
the	O	O	O	O	
strange	O	O	O	O	
incidents	O	O	O	O	
of	O	O	O	O	
his	O	O	O	O	
desert	B-LOC	O	O	O	
career	O	O	O	O	
this	O	O	O	O	
was	O	O	O	O	
the	O	O	O	O	
strangest	O	O	O	O	
.	O	O	O	O	

Curiously	O	O	O	O	
he	O	O	O	O	
picked	O	O	O	O	
up	O	O	O	O	
the	O	O	O	O	
peach	O	O	O	O	
branch	O	O	O	O	
and	O	O	O	O	
held	O	O	O	O	
it	O	O	O	O	
as	O	O	O	O	
he	O	O	O	O	
had	O	O	O	O	
seen	O	O	O	O	
it	O	O	O	O	
held	O	O	O	O	
.	O	O	O	O	

The	O	O	O	O	
thing	O	O	O	O	
,	O	O	O	O	
however	O	O	O	O	
,	O	O	O	O	
was	O	O	O	O	
dead	O	O	O	O	
in	O	O	O	O	
his	O	O	O	O	
hands	O	O	O	O	
.	O	O	O	O	

