During	O	O	O	O	
the	O	O	O	O	
whole	O	O	O	O	
of	O	O	O	O	
a	O	O	O	O	
dull	O	O	O	O	
,	O	O	O	O	
dark	O	O	O	O	
,	O	O	O	O	
and	O	O	O	O	
soundless	O	O	O	O	
day	O	O	O	O	
in	O	O	O	O	
the	O	O	O	O	
autumn	O	O	O	O	
of	O	O	O	O	
the	O	O	O	O	
year	O	O	O	O	
,	O	O	O	O	
when	O	O	O	O	
the	O	O	O	O	
clouds	O	O	O	O	
hung	O	O	O	O	
oppressively	O	O	O	O	
low	O	O	O	O	
in	O	O	O	O	
the	O	O	O	O	
heavens	O	O	O	O	
,	O	O	O	O	
I	O	O	O	O	
had	O	O	O	O	
been	O	O	O	O	
passing	O	O	O	O	
alone	O	O	O	O	
,	O	O	O	O	
on	O	O	O	O	
horseback	O	O	O	O	
,	O	O	O	O	
through	O	O	O	O	
a	B-LOC	O	O	O	
singularly	I-LOC	O	O	O	
dreary	I-LOC	O	O	O	
tract	I-LOC	O	O	O	
of	I-LOC	O	O	O	
country	I-LOC	O	O	O	
;	O	O	O	O	
and	O	O	O	O	
at	O	O	O	O	
length	O	O	O	O	
found	O	O	O	O	
myself	O	O	O	O	
,	O	O	O	O	
as	O	O	O	O	
the	O	O	O	O	
shades	O	O	O	O	
of	O	O	O	O	
the	O	O	O	O	
evening	O	O	O	O	
drew	O	O	O	O	
on	O	O	O	O	
,	O	O	O	O	
within	O	O	O	O	
view	O	O	O	O	
of	O	O	O	O	
the	O	B-FAC	O	O	
melancholy	O	I-FAC	O	O	
House	O	I-FAC	O	O	
of	O	I-FAC	O	O	
Usher	B-PER	I-FAC	O	O	
.	O	O	O	O	

I	O	O	O	O	
know	O	O	O	O	
not	O	O	O	O	
how	O	O	O	O	
it	O	O	O	O	
was	O	O	O	O	
--	O	O	O	O	
but	O	O	O	O	
,	O	O	O	O	
with	O	O	O	O	
the	O	O	O	O	
first	O	O	O	O	
glimpse	O	O	O	O	
of	O	O	O	O	
the	B-FAC	O	O	O	
building	I-FAC	O	O	O	
,	O	O	O	O	
a	O	O	O	O	
sense	O	O	O	O	
of	O	O	O	O	
insufferable	O	O	O	O	
gloom	O	O	O	O	
pervaded	O	O	O	O	
my	O	O	O	O	
spirit	O	O	O	O	
.	O	O	O	O	

I	O	O	O	O	
say	O	O	O	O	
insufferable	O	O	O	O	
;	O	O	O	O	
for	O	O	O	O	
the	O	O	O	O	
feeling	O	O	O	O	
was	O	O	O	O	
unrelieved	O	O	O	O	
by	O	O	O	O	
any	O	O	O	O	
of	O	O	O	O	
that	O	O	O	O	
half-pleasureable	O	O	O	O	
,	O	O	O	O	
because	O	O	O	O	
poetic	O	O	O	O	
,	O	O	O	O	
sentiment	O	O	O	O	
,	O	O	O	O	
with	O	O	O	O	
which	O	O	O	O	
the	O	O	O	O	
mind	O	O	O	O	
usually	O	O	O	O	
receives	O	O	O	O	
even	O	O	O	O	
the	O	O	O	O	
sternest	O	O	O	O	
natural	O	O	O	O	
images	O	O	O	O	
of	O	O	O	O	
the	O	O	O	O	
desolate	O	O	O	O	
or	O	O	O	O	
terrible	O	O	O	O	
.	O	O	O	O	

I	O	O	O	O	
looked	O	O	O	O	
upon	O	O	O	O	
the	O	O	O	O	
scene	O	O	O	O	
before	O	O	O	O	
me	O	O	O	O	
--	O	O	O	O	
upon	O	O	O	O	
the	B-FAC	O	O	O	
mere	I-FAC	O	O	O	
house	I-FAC	O	O	O	
,	O	O	O	O	
and	O	O	O	O	
the	O	O	O	O	
simple	O	O	O	O	
landscape	O	O	O	O	
features	O	O	O	O	
of	O	O	O	O	
the	B-FAC	O	O	O	
domain	I-FAC	O	O	O	
--	O	O	O	O	
upon	O	O	O	O	
the	O	O	O	O	
bleak	O	O	O	O	
walls	O	O	O	O	
--	O	O	O	O	
upon	O	O	O	O	
the	O	O	O	O	
vacant	O	O	O	O	
eye-like	O	O	O	O	
windows	O	O	O	O	
--	O	O	O	O	
upon	O	O	O	O	
a	O	O	O	O	
few	O	O	O	O	
rank	O	O	O	O	
sedges	O	O	O	O	
--	O	O	O	O	
and	O	O	O	O	
upon	O	O	O	O	
a	O	O	O	O	
few	O	O	O	O	
white	O	O	O	O	
trunks	O	O	O	O	
of	O	O	O	O	
decayed	O	O	O	O	
trees	O	O	O	O	
--	O	O	O	O	
with	O	O	O	O	
an	O	O	O	O	
utter	O	O	O	O	
depression	O	O	O	O	
of	O	O	O	O	
soul	O	O	O	O	
which	O	O	O	O	
I	O	O	O	O	
can	O	O	O	O	
compare	O	O	O	O	
to	O	O	O	O	
no	O	O	O	O	
earthly	O	O	O	O	
sensation	O	O	O	O	
more	O	O	O	O	
properly	O	O	O	O	
than	O	O	O	O	
to	O	O	O	O	
the	O	O	O	O	
after-dream	O	O	O	O	
of	O	O	O	O	
the	B-PER	O	O	O	
reveller	I-PER	O	O	O	
upon	O	O	O	O	
opium	O	O	O	O	
--	O	O	O	O	
the	O	O	O	O	
bitter	O	O	O	O	
lapse	O	O	O	O	
into	O	O	O	O	
everyday	O	O	O	O	
life	O	O	O	O	
--	O	O	O	O	
the	O	O	O	O	
hideous	O	O	O	O	
dropping	O	O	O	O	
off	O	O	O	O	
of	O	O	O	O	
the	O	O	O	O	
veil	O	O	O	O	
.	O	O	O	O	

There	O	O	O	O	
was	O	O	O	O	
an	O	O	O	O	
iciness	O	O	O	O	
,	O	O	O	O	
a	O	O	O	O	
sinking	O	O	O	O	
,	O	O	O	O	
a	O	O	O	O	
sickening	O	O	O	O	
of	O	O	O	O	
the	O	O	O	O	
heart	O	O	O	O	
--	O	O	O	O	
an	O	O	O	O	
unredeemed	O	O	O	O	
dreariness	O	O	O	O	
of	O	O	O	O	
thought	O	O	O	O	
which	O	O	O	O	
no	O	O	O	O	
goading	O	O	O	O	
of	O	O	O	O	
the	O	O	O	O	
imagination	O	O	O	O	
could	O	O	O	O	
torture	O	O	O	O	
into	O	O	O	O	
aught	O	O	O	O	
of	O	O	O	O	
the	O	O	O	O	
sublime	O	O	O	O	
.	O	O	O	O	

What	O	O	O	O	
was	O	O	O	O	
it	O	O	O	O	
--	O	O	O	O	
I	O	O	O	O	
paused	O	O	O	O	
to	O	O	O	O	
think	O	O	O	O	
--	O	O	O	O	
what	O	O	O	O	
was	O	O	O	O	
it	O	O	O	O	
that	O	O	O	O	
so	O	O	O	O	
unnerved	O	O	O	O	
me	O	O	O	O	
in	O	O	O	O	
the	O	O	O	O	
contemplation	O	O	O	O	
of	O	O	O	O	
the	O	B-FAC	O	O	
House	O	I-FAC	O	O	
of	O	I-FAC	O	O	
Usher	B-PER	I-FAC	O	O	
?	O	O	O	O	

It	O	O	O	O	
was	O	O	O	O	
a	O	O	O	O	
mystery	O	O	O	O	
all	O	O	O	O	
insoluble	O	O	O	O	
;	O	O	O	O	
nor	O	O	O	O	
could	O	O	O	O	
I	O	O	O	O	
grapple	O	O	O	O	
with	O	O	O	O	
the	O	O	O	O	
shadowy	O	O	O	O	
fancies	O	O	O	O	
that	O	O	O	O	
crowded	O	O	O	O	
upon	O	O	O	O	
me	O	O	O	O	
as	O	O	O	O	
I	O	O	O	O	
pondered	O	O	O	O	
.	O	O	O	O	

I	O	O	O	O	
was	O	O	O	O	
forced	O	O	O	O	
to	O	O	O	O	
fall	O	O	O	O	
back	O	O	O	O	
upon	O	O	O	O	
the	O	O	O	O	
unsatisfactory	O	O	O	O	
conclusion	O	O	O	O	
,	O	O	O	O	
that	O	O	O	O	
while	O	O	O	O	
,	O	O	O	O	
beyond	O	O	O	O	
doubt	O	O	O	O	
,	O	O	O	O	
there	O	O	O	O	
are	O	O	O	O	
combinations	O	O	O	O	
of	O	O	O	O	
very	O	O	O	O	
simple	O	O	O	O	
natural	O	O	O	O	
objects	O	O	O	O	
which	O	O	O	O	
have	O	O	O	O	
the	O	O	O	O	
power	O	O	O	O	
of	O	O	O	O	
thus	O	O	O	O	
affecting	O	O	O	O	
us	O	O	O	O	
,	O	O	O	O	
still	O	O	O	O	
the	O	O	O	O	
analysis	O	O	O	O	
of	O	O	O	O	
this	O	O	O	O	
power	O	O	O	O	
lies	O	O	O	O	
among	O	O	O	O	
considerations	O	O	O	O	
beyond	O	O	O	O	
our	O	O	O	O	
depth	O	O	O	O	
.	O	O	O	O	

It	O	O	O	O	
was	O	O	O	O	
possible	O	O	O	O	
,	O	O	O	O	
I	O	O	O	O	
reflected	O	O	O	O	
,	O	O	O	O	
that	O	O	O	O	
a	O	O	O	O	
mere	O	O	O	O	
different	O	O	O	O	
arrangement	O	O	O	O	
of	O	O	O	O	
the	O	O	O	O	
particulars	O	O	O	O	
of	O	O	O	O	
the	O	O	O	O	
scene	O	O	O	O	
,	O	O	O	O	
of	O	O	O	O	
the	O	O	O	O	
details	O	O	O	O	
of	O	O	O	O	
the	O	O	O	O	
picture	O	O	O	O	
,	O	O	O	O	
would	O	O	O	O	
be	O	O	O	O	
sufficient	O	O	O	O	
to	O	O	O	O	
modify	O	O	O	O	
,	O	O	O	O	
or	O	O	O	O	
perhaps	O	O	O	O	
to	O	O	O	O	
annihilate	O	O	O	O	
its	O	O	O	O	
capacity	O	O	O	O	
for	O	O	O	O	
sorrowful	O	O	O	O	
impression	O	O	O	O	
;	O	O	O	O	
and	O	O	O	O	
,	O	O	O	O	
acting	O	O	O	O	
upon	O	O	O	O	
this	O	O	O	O	
idea	O	O	O	O	
,	O	O	O	O	
I	O	O	O	O	
reined	O	O	O	O	
my	O	O	O	O	
horse	O	O	O	O	
to	O	O	O	O	
the	O	O	O	O	
precipitous	O	O	O	O	
brink	O	O	O	O	
of	O	O	O	O	
a	O	B-LOC	O	O	
black	O	I-LOC	O	O	
and	O	I-LOC	O	O	
lurid	O	I-LOC	O	O	
tarn	O	I-LOC	O	O	
that	O	I-LOC	O	O	
lay	O	I-LOC	O	O	
in	O	I-LOC	O	O	
unruffled	O	I-LOC	O	O	
lustre	O	I-LOC	O	O	
by	O	I-LOC	O	O	
the	B-FAC	I-LOC	O	O	
dwelling	I-FAC	I-LOC	O	O	
,	O	O	O	O	
and	O	O	O	O	
gazed	O	O	O	O	
down	O	O	O	O	
--	O	O	O	O	
but	O	O	O	O	
with	O	O	O	O	
a	O	O	O	O	
shudder	O	O	O	O	
even	O	O	O	O	
more	O	O	O	O	
thrilling	O	O	O	O	
than	O	O	O	O	
before	O	O	O	O	
--	O	O	O	O	
upon	O	O	O	O	
the	O	O	O	O	
remodelled	O	O	O	O	
and	O	O	O	O	
inverted	O	O	O	O	
images	O	O	O	O	
of	O	O	O	O	
the	O	O	O	O	
grey	O	O	O	O	
sedge	O	O	O	O	
,	O	O	O	O	
and	O	O	O	O	
the	O	O	O	O	
ghastly	O	O	O	O	
tree-stems	O	O	O	O	
,	O	O	O	O	
and	O	O	O	O	
the	O	O	O	O	
vacant	O	O	O	O	
and	O	O	O	O	
eye-like	O	O	O	O	
windows	O	O	O	O	
.	O	O	O	O	

Nevertheless	O	O	O	O	
,	O	O	O	O	
in	O	O	O	O	
this	B-FAC	O	O	O	
mansion	I-FAC	O	O	O	
of	I-FAC	O	O	O	
gloom	I-FAC	O	O	O	
I	O	O	O	O	
now	O	O	O	O	
proposed	O	O	O	O	
to	O	O	O	O	
myself	O	O	O	O	
a	O	O	O	O	
sojourn	O	O	O	O	
of	O	O	O	O	
some	O	O	O	O	
weeks	O	O	O	O	
.	O	O	O	O	

Its	B-PER	O	O	O	
proprietor	I-PER	O	O	O	
,	O	O	O	O	
Roderick	B-PER	O	O	O	
Usher	I-PER	O	O	O	
,	O	O	O	O	
had	O	O	O	O	
been	O	O	O	O	
one	O	B-PER	O	O	
of	O	I-PER	O	O	
my	B-PER	I-PER	O	O	
boon	I-PER	I-PER	O	O	
companions	I-PER	I-PER	O	O	
in	I-PER	I-PER	O	O	
boyhood	I-PER	I-PER	O	O	
;	O	O	O	O	
but	O	O	O	O	
many	O	O	O	O	
years	O	O	O	O	
had	O	O	O	O	
elapsed	O	O	O	O	
since	O	O	O	O	
our	O	O	O	O	
last	O	O	O	O	
meeting	O	O	O	O	
.	O	O	O	O	

A	O	O	O	O	
letter	O	O	O	O	
,	O	O	O	O	
however	O	O	O	O	
,	O	O	O	O	
had	O	O	O	O	
lately	O	O	O	O	
reached	O	O	O	O	
me	O	O	O	O	
in	O	O	O	O	
a	O	B-LOC	O	O	
distant	O	I-LOC	O	O	
part	O	I-LOC	O	O	
of	O	I-LOC	O	O	
the	B-LOC	I-LOC	O	O	
country	I-LOC	I-LOC	O	O	
--	O	O	O	O	
a	O	O	O	O	
letter	O	O	O	O	
from	O	O	O	O	
him	O	O	O	O	
--	O	O	O	O	
which	O	O	O	O	
,	O	O	O	O	
in	O	O	O	O	
its	O	O	O	O	
wildly	O	O	O	O	
importunate	O	O	O	O	
nature	O	O	O	O	
,	O	O	O	O	
had	O	O	O	O	
admitted	O	O	O	O	
of	O	O	O	O	
no	O	O	O	O	
other	O	O	O	O	
than	O	O	O	O	
a	O	O	O	O	
personal	O	O	O	O	
reply	O	O	O	O	
.	O	O	O	O	

The	O	O	O	O	
MS	O	O	O	O	
gave	O	O	O	O	
evidence	O	O	O	O	
of	O	O	O	O	
nervous	O	O	O	O	
agitation	O	O	O	O	
.	O	O	O	O	

The	B-PER	O	O	O	
writer	I-PER	O	O	O	
spoke	O	O	O	O	
of	O	O	O	O	
acute	O	O	O	O	
bodily	O	O	O	O	
illness	O	O	O	O	
--	O	O	O	O	
of	O	O	O	O	
a	O	O	O	O	
mental	O	O	O	O	
disorder	O	O	O	O	
which	O	O	O	O	
oppressed	O	O	O	O	
him	O	O	O	O	
--	O	O	O	O	
and	O	O	O	O	
of	O	O	O	O	
an	O	O	O	O	
earnest	O	O	O	O	
desire	O	O	O	O	
to	O	O	O	O	
see	O	O	O	O	
me	O	O	O	O	
,	O	O	O	O	
as	O	O	O	O	
his	O	O	O	O	
best	O	O	O	O	
,	O	O	O	O	
and	O	O	O	O	
indeed	O	O	O	O	
his	B-PER	O	O	O	
only	I-PER	O	O	O	
personal	I-PER	O	O	O	
friend	I-PER	O	O	O	
,	O	O	O	O	
with	O	O	O	O	
a	O	O	O	O	
view	O	O	O	O	
of	O	O	O	O	
attempting	O	O	O	O	
,	O	O	O	O	
by	O	O	O	O	
the	O	O	O	O	
cheerfulness	O	O	O	O	
of	O	O	O	O	
my	O	O	O	O	
society	O	O	O	O	
,	O	O	O	O	
some	O	O	O	O	
alleviation	O	O	O	O	
of	O	O	O	O	
his	O	O	O	O	
malady	O	O	O	O	
.	O	O	O	O	

It	O	O	O	O	
was	O	O	O	O	
the	O	O	O	O	
manner	O	O	O	O	
in	O	O	O	O	
which	O	O	O	O	
all	O	O	O	O	
this	O	O	O	O	
,	O	O	O	O	
and	O	O	O	O	
much	O	O	O	O	
more	O	O	O	O	
,	O	O	O	O	
was	O	O	O	O	
said	O	O	O	O	
--	O	O	O	O	
it	O	O	O	O	
was	O	O	O	O	
the	O	O	O	O	
apparent	O	O	O	O	
heart	O	O	O	O	
that	O	O	O	O	
went	O	O	O	O	
with	O	O	O	O	
his	O	O	O	O	
request	O	O	O	O	
--	O	O	O	O	
which	O	O	O	O	
allowed	O	O	O	O	
me	O	O	O	O	
no	O	O	O	O	
room	O	O	O	O	
for	O	O	O	O	
hesitation	O	O	O	O	
;	O	O	O	O	
and	O	O	O	O	
I	O	O	O	O	
accordingly	O	O	O	O	
obeyed	O	O	O	O	
forthwith	O	O	O	O	
what	O	O	O	O	
I	O	O	O	O	
still	O	O	O	O	
considered	O	O	O	O	
a	O	O	O	O	
very	O	O	O	O	
singular	O	O	O	O	
summons	O	O	O	O	
.	O	O	O	O	

Although	O	O	O	O	
,	O	O	O	O	
as	O	O	O	O	
boys	B-PER	O	O	O	
,	O	O	O	O	
we	O	O	O	O	
had	O	O	O	O	
been	O	O	O	O	
even	O	O	O	O	
intimate	O	O	O	O	
associates	O	O	O	O	
,	O	O	O	O	
yet	O	O	O	O	
I	O	O	O	O	
really	O	O	O	O	
knew	O	O	O	O	
little	O	O	O	O	
of	O	O	O	O	
my	B-PER	O	O	O	
friend	I-PER	O	O	O	
.	O	O	O	O	

His	O	O	O	O	
reserve	O	O	O	O	
had	O	O	O	O	
been	O	O	O	O	
always	O	O	O	O	
excessive	O	O	O	O	
and	O	O	O	O	
habitual	O	O	O	O	
.	O	O	O	O	

I	O	O	O	O	
was	O	O	O	O	
aware	O	O	O	O	
,	O	O	O	O	
however	O	O	O	O	
,	O	O	O	O	
that	O	O	O	O	
his	B-PER	O	O	O	
very	I-PER	O	O	O	
ancient	I-PER	O	O	O	
family	I-PER	O	O	O	
had	O	O	O	O	
been	O	O	O	O	
noted	O	O	O	O	
,	O	O	O	O	
time	O	O	O	O	
out	O	O	O	O	
of	O	O	O	O	
mind	O	O	O	O	
,	O	O	O	O	
for	O	O	O	O	
a	O	O	O	O	
peculiar	O	O	O	O	
sensibility	O	O	O	O	
of	O	O	O	O	
temperament	O	O	O	O	
,	O	O	O	O	
displaying	O	O	O	O	
itself	O	O	O	O	
,	O	O	O	O	
through	O	O	O	O	
long	O	O	O	O	
ages	O	O	O	O	
,	O	O	O	O	
in	O	O	O	O	
many	O	O	O	O	
works	O	O	O	O	
of	O	O	O	O	
exalted	O	O	O	O	
art	O	O	O	O	
,	O	O	O	O	
and	O	O	O	O	
manifested	O	O	O	O	
,	O	O	O	O	
of	O	O	O	O	
late	O	O	O	O	
,	O	O	O	O	
in	O	O	O	O	
repeated	O	O	O	O	
deeds	O	O	O	O	
of	O	O	O	O	
munificent	O	O	O	O	
yet	O	O	O	O	
unobtrusive	O	O	O	O	
charity	O	O	O	O	
,	O	O	O	O	
as	O	O	O	O	
well	O	O	O	O	
as	O	O	O	O	
in	O	O	O	O	
a	O	O	O	O	
passionate	O	O	O	O	
devotion	O	O	O	O	
to	O	O	O	O	
the	O	O	O	O	
intricacies	O	O	O	O	
,	O	O	O	O	
perhaps	O	O	O	O	
even	O	O	O	O	
more	O	O	O	O	
than	O	O	O	O	
to	O	O	O	O	
the	O	O	O	O	
orthodox	O	O	O	O	
and	O	O	O	O	
easily	O	O	O	O	
recognisable	O	O	O	O	
beauties	O	O	O	O	
of	O	O	O	O	
musical	O	O	O	O	
science	O	O	O	O	
.	O	O	O	O	

I	O	O	O	O	
had	O	O	O	O	
learned	O	O	O	O	
,	O	O	O	O	
too	O	O	O	O	
,	O	O	O	O	
the	O	O	O	O	
very	O	O	O	O	
remarkable	O	O	O	O	
fact	O	O	O	O	
,	O	O	O	O	
that	O	O	O	O	
the	O	O	O	O	
stem	O	O	O	O	
of	O	O	O	O	
the	B-PER	O	O	O	
Usher	I-PER	O	O	O	
race	I-PER	O	O	O	
,	O	O	O	O	
all	O	O	O	O	
time-honoured	O	O	O	O	
as	O	O	O	O	
it	O	O	O	O	
was	O	O	O	O	
,	O	O	O	O	
had	O	O	O	O	
put	O	O	O	O	
forth	O	O	O	O	
,	O	O	O	O	
at	O	O	O	O	
no	O	O	O	O	
period	O	O	O	O	
,	O	O	O	O	
any	O	O	O	O	
enduring	O	O	O	O	
branch	O	O	O	O	
;	O	O	O	O	
in	O	O	O	O	
other	O	O	O	O	
words	O	O	O	O	
,	O	O	O	O	
that	O	O	O	O	
the	B-PER	O	O	O	
entire	I-PER	O	O	O	
family	I-PER	O	O	O	
lay	O	O	O	O	
in	O	O	O	O	
the	O	O	O	O	
direct	O	O	O	O	
line	O	O	O	O	
of	O	O	O	O	
descent	O	O	O	O	
,	O	O	O	O	
and	O	O	O	O	
had	O	O	O	O	
always	O	O	O	O	
,	O	O	O	O	
with	O	O	O	O	
very	O	O	O	O	
trifling	O	O	O	O	
and	O	O	O	O	
very	O	O	O	O	
temporary	O	O	O	O	
variation	O	O	O	O	
,	O	O	O	O	
so	O	O	O	O	
lain	O	O	O	O	
.	O	O	O	O	

It	O	O	O	O	
was	O	O	O	O	
this	O	O	O	O	
deficiency	O	O	O	O	
,	O	O	O	O	
I	O	O	O	O	
considered	O	O	O	O	
,	O	O	O	O	
while	O	O	O	O	
running	O	O	O	O	
over	O	O	O	O	
in	O	O	O	O	
thought	O	O	O	O	
the	O	O	O	O	
perfect	O	O	O	O	
keeping	O	O	O	O	
of	O	O	O	O	
the	O	O	O	O	
character	O	O	O	O	
of	O	O	O	O	
the	B-FAC	O	O	O	
premises	I-FAC	O	O	O	
with	O	O	O	O	
the	O	O	O	O	
accredited	O	O	O	O	
character	O	O	O	O	
of	O	O	O	O	
the	B-PER	O	O	O	
people	I-PER	O	O	O	
,	O	O	O	O	
and	O	O	O	O	
while	O	O	O	O	
speculating	O	O	O	O	
upon	O	O	O	O	
the	O	O	O	O	
possible	O	O	O	O	
influence	O	O	O	O	
which	O	O	O	O	
the	O	O	O	O	
one	O	O	O	O	
,	O	O	O	O	
in	O	O	O	O	
the	O	O	O	O	
long	O	O	O	O	
lapse	O	O	O	O	
of	O	O	O	O	
centuries	O	O	O	O	
,	O	O	O	O	
might	O	O	O	O	
have	O	O	O	O	
exercised	O	O	O	O	
upon	O	O	O	O	
the	O	O	O	O	
other	O	O	O	O	
--	O	O	O	O	
it	O	O	O	O	
was	O	O	O	O	
this	O	O	O	O	
deficiency	O	O	O	O	
,	O	O	O	O	
perhaps	O	O	O	O	
,	O	O	O	O	
of	O	O	O	O	
collateral	O	O	O	O	
issue	O	O	O	O	
,	O	O	O	O	
and	O	O	O	O	
the	O	O	O	O	
consequent	O	O	O	O	
undeviating	O	O	O	O	
transmission	O	O	O	O	
,	O	O	O	O	
from	O	O	O	O	
sire	B-PER	O	O	O	
to	O	O	O	O	
son	B-PER	O	O	O	
,	O	O	O	O	
of	O	O	O	O	
the	O	O	O	O	
patrimony	O	O	O	O	
with	O	O	O	O	
the	O	O	O	O	
name	O	O	O	O	
,	O	O	O	O	
which	O	O	O	O	
had	O	O	O	O	
,	O	O	O	O	
at	O	O	O	O	
length	O	O	O	O	
,	O	O	O	O	
so	O	O	O	O	
identified	O	O	O	O	
the	O	O	O	O	
two	O	O	O	O	
as	O	O	O	O	
to	O	O	O	O	
merge	O	O	O	O	
the	O	O	O	O	
original	O	O	O	O	
title	O	O	O	O	
of	O	O	O	O	
the	B-FAC	O	O	O	
estate	I-FAC	O	O	O	
in	O	O	O	O	
the	O	O	O	O	
quaint	O	O	O	O	
and	O	O	O	O	
equivocal	O	O	O	O	
appellation	O	O	O	O	
of	O	O	O	O	
the	O	O	O	O	
"	O	O	O	O	
House	O	B-FAC	O	O	
of	O	I-FAC	O	O	
Usher	B-PER	I-FAC	O	O	
"	O	O	O	O	
--	O	O	O	O	
an	O	O	O	O	
appellation	O	O	O	O	
which	O	O	O	O	
seemed	O	O	O	O	
to	O	O	O	O	
include	O	O	O	O	
,	O	O	O	O	
in	O	O	O	O	
the	O	O	O	O	
minds	O	O	O	O	
of	O	O	O	O	
the	B-PER	O	O	O	
peasantry	I-PER	O	O	O	
who	I-PER	O	O	O	
used	I-PER	O	O	O	
it	I-PER	O	O	O	
,	O	O	O	O	
both	O	O	O	O	
the	B-PER	O	O	O	
family	I-PER	O	O	O	
and	O	O	O	O	
the	B-FAC	O	O	O	
family	I-FAC	O	O	O	
mansion	I-FAC	O	O	O	
.	O	O	O	O	

I	O	O	O	O	
have	O	O	O	O	
said	O	O	O	O	
that	O	O	O	O	
the	O	O	O	O	
sole	O	O	O	O	
effect	O	O	O	O	
of	O	O	O	O	
my	O	O	O	O	
somewhat	O	O	O	O	
childish	O	O	O	O	
experiment	O	O	O	O	
--	O	O	O	O	
that	O	O	O	O	
of	O	O	O	O	
looking	O	O	O	O	
down	O	O	O	O	
within	O	O	O	O	
the	B-LOC	O	O	O	
tarn	I-LOC	O	O	O	
--	O	O	O	O	
had	O	O	O	O	
been	O	O	O	O	
to	O	O	O	O	
deepen	O	O	O	O	
the	O	O	O	O	
first	O	O	O	O	
singular	O	O	O	O	
impression	O	O	O	O	
.	O	O	O	O	

There	O	O	O	O	
can	O	O	O	O	
be	O	O	O	O	
no	O	O	O	O	
doubt	O	O	O	O	
that	O	O	O	O	
the	O	O	O	O	
consciousness	O	O	O	O	
of	O	O	O	O	
the	O	O	O	O	
rapid	O	O	O	O	
increase	O	O	O	O	
of	O	O	O	O	
my	O	O	O	O	
superstition	O	O	O	O	
--	O	O	O	O	
for	O	O	O	O	
why	O	O	O	O	
should	O	O	O	O	
I	O	O	O	O	
not	O	O	O	O	
so	O	O	O	O	
term	O	O	O	O	
it	O	O	O	O	
?	O	O	O	O	

--	O	O	O	O	
served	O	O	O	O	
mainly	O	O	O	O	
to	O	O	O	O	
accelerate	O	O	O	O	
the	O	O	O	O	
increase	O	O	O	O	
itself	O	O	O	O	
.	O	O	O	O	

Such	O	O	O	O	
,	O	O	O	O	
I	O	O	O	O	
have	O	O	O	O	
long	O	O	O	O	
known	O	O	O	O	
,	O	O	O	O	
is	O	O	O	O	
the	O	O	O	O	
paradoxical	O	O	O	O	
law	O	O	O	O	
of	O	O	O	O	
all	O	O	O	O	
sentiments	O	O	O	O	
having	O	O	O	O	
terror	O	O	O	O	
as	O	O	O	O	
a	O	O	O	O	
basis	O	O	O	O	
.	O	O	O	O	

And	O	O	O	O	
it	O	O	O	O	
might	O	O	O	O	
have	O	O	O	O	
been	O	O	O	O	
for	O	O	O	O	
this	O	O	O	O	
reason	O	O	O	O	
only	O	O	O	O	
,	O	O	O	O	
that	O	O	O	O	
,	O	O	O	O	
when	O	O	O	O	
I	O	O	O	O	
again	O	O	O	O	
uplifted	O	O	O	O	
my	O	O	O	O	
eyes	O	O	O	O	
to	O	O	O	O	
the	B-FAC	O	O	O	
house	I-FAC	O	O	O	
itself	I-FAC	O	O	O	
,	O	O	O	O	
from	O	O	O	O	
its	O	O	O	O	
image	O	O	O	O	
in	O	O	O	O	
the	B-LOC	O	O	O	
pool	I-LOC	O	O	O	
,	O	O	O	O	
there	O	O	O	O	
grew	O	O	O	O	
in	O	O	O	O	
my	O	O	O	O	
mind	O	O	O	O	
a	O	O	O	O	
strange	O	O	O	O	
fancy	O	O	O	O	
--	O	O	O	O	
a	O	O	O	O	
fancy	O	O	O	O	
so	O	O	O	O	
ridiculous	O	O	O	O	
,	O	O	O	O	
indeed	O	O	O	O	
,	O	O	O	O	
that	O	O	O	O	
I	O	O	O	O	
but	O	O	O	O	
mention	O	O	O	O	
it	O	O	O	O	
to	O	O	O	O	
show	O	O	O	O	
the	O	O	O	O	
vivid	O	O	O	O	
force	O	O	O	O	
of	O	O	O	O	
the	O	O	O	O	
sensations	O	O	O	O	
which	O	O	O	O	
oppressed	O	O	O	O	
me	O	O	O	O	
.	O	O	O	O	

I	O	O	O	O	
had	O	O	O	O	
so	O	O	O	O	
worked	O	O	O	O	
upon	O	O	O	O	
my	O	O	O	O	
imagination	O	O	O	O	
as	O	O	O	O	
really	O	O	O	O	
to	O	O	O	O	
believe	O	O	O	O	
that	O	O	O	O	
about	O	O	O	O	
the	B-FAC	O	O	O	
whole	I-FAC	O	O	O	
mansion	I-FAC	O	O	O	
and	O	O	O	O	
domain	B-FAC	O	O	O	
there	O	O	O	O	
hung	O	O	O	O	
an	O	O	O	O	
atmosphere	O	O	O	O	
peculiar	O	O	O	O	
to	O	O	O	O	
themselves	O	O	O	O	
and	O	O	O	O	
their	O	O	O	O	
immediate	O	O	O	O	
vicinity	O	O	O	O	
--	O	O	O	O	
an	O	O	O	O	
atmosphere	O	O	O	O	
which	O	O	O	O	
had	O	O	O	O	
no	O	O	O	O	
affinity	O	O	O	O	
with	O	O	O	O	
the	O	O	O	O	
air	O	O	O	O	
of	O	O	O	O	
heaven	O	O	O	O	
,	O	O	O	O	
but	O	O	O	O	
which	O	O	O	O	
had	O	O	O	O	
reeked	O	O	O	O	
up	O	O	O	O	
from	O	O	O	O	
the	O	O	O	O	
decayed	O	O	O	O	
trees	O	O	O	O	
,	O	O	O	O	
and	O	O	O	O	
the	O	O	O	O	
grey	O	O	O	O	
wall	O	O	O	O	
,	O	O	O	O	
and	O	O	O	O	
the	B-LOC	O	O	O	
silent	I-LOC	O	O	O	
tarn	I-LOC	O	O	O	
--	O	O	O	O	
a	O	O	O	O	
pestilent	O	O	O	O	
and	O	O	O	O	
mystic	O	O	O	O	
vapour	O	O	O	O	
,	O	O	O	O	
dull	O	O	O	O	
,	O	O	O	O	
sluggish	O	O	O	O	
,	O	O	O	O	
faintly	O	O	O	O	
discernible	O	O	O	O	
,	O	O	O	O	
and	O	O	O	O	
leaden-hued	O	O	O	O	
.	O	O	O	O	

Shaking	O	O	O	O	
off	O	O	O	O	
from	O	O	O	O	
my	O	O	O	O	
spirit	O	O	O	O	
what	O	O	O	O	
must	O	O	O	O	
have	O	O	O	O	
been	O	O	O	O	
a	O	O	O	O	
dream	O	O	O	O	
,	O	O	O	O	
I	O	O	O	O	
scanned	O	O	O	O	
more	O	O	O	O	
narrowly	O	O	O	O	
the	O	O	O	O	
real	O	O	O	O	
aspect	O	O	O	O	
of	O	O	O	O	
the	B-FAC	O	O	O	
building	I-FAC	O	O	O	
.	O	O	O	O	

Its	O	O	O	O	
principal	O	O	O	O	
feature	O	O	O	O	
seemed	O	O	O	O	
to	O	O	O	O	
be	O	O	O	O	
that	O	O	O	O	
of	O	O	O	O	
an	O	O	O	O	
excessive	O	O	O	O	
antiquity	O	O	O	O	
.	O	O	O	O	

The	O	O	O	O	
discoloration	O	O	O	O	
of	O	O	O	O	
ages	O	O	O	O	
had	O	O	O	O	
been	O	O	O	O	
great	O	O	O	O	
.	O	O	O	O	

Minute	O	O	O	O	
fungi	O	O	O	O	
overspread	O	O	O	O	
the	B-FAC	O	O	O	
whole	I-FAC	O	O	O	
exterior	I-FAC	O	O	O	
,	O	O	O	O	
hanging	O	O	O	O	
in	O	O	O	O	
a	O	O	O	O	
fine	O	O	O	O	
tangled	O	O	O	O	
web-work	O	O	O	O	
from	O	O	O	O	
the	O	O	O	O	
eaves	O	O	O	O	
.	O	O	O	O	

Yet	O	O	O	O	
all	O	O	O	O	
this	O	O	O	O	
was	O	O	O	O	
apart	O	O	O	O	
from	O	O	O	O	
any	O	O	O	O	
extraordinary	O	O	O	O	
dilapidation	O	O	O	O	
.	O	O	O	O	

No	O	O	O	O	
portion	O	O	O	O	
of	O	O	O	O	
the	O	O	O	O	
masonry	O	O	O	O	
had	O	O	O	O	
fallen	O	O	O	O	
;	O	O	O	O	
and	O	O	O	O	
there	O	O	O	O	
appeared	O	O	O	O	
to	O	O	O	O	
be	O	O	O	O	
a	O	O	O	O	
wild	O	O	O	O	
inconsistency	O	O	O	O	
between	O	O	O	O	
its	O	O	O	O	
still	O	O	O	O	
perfect	O	O	O	O	
adaptation	O	O	O	O	
of	O	O	O	O	
parts	O	O	O	O	
,	O	O	O	O	
and	O	O	O	O	
the	O	O	O	O	
crumbling	O	O	O	O	
condition	O	O	O	O	
of	O	O	O	O	
the	O	O	O	O	
individual	O	O	O	O	
stones	O	O	O	O	
.	O	O	O	O	

In	O	O	O	O	
this	O	O	O	O	
there	O	O	O	O	
was	O	O	O	O	
much	O	O	O	O	
that	O	O	O	O	
reminded	O	O	O	O	
me	O	O	O	O	
of	O	O	O	O	
the	O	O	O	O	
specious	O	O	O	O	
totality	O	O	O	O	
of	O	O	O	O	
old	O	O	O	O	
wood-work	O	O	O	O	
which	O	O	O	O	
has	O	O	O	O	
rotted	O	O	O	O	
for	O	O	O	O	
long	O	O	O	O	
years	O	O	O	O	
in	O	O	O	O	
some	O	O	O	O	
neglected	O	O	O	O	
vault	O	O	O	O	
,	O	O	O	O	
with	O	O	O	O	
no	O	O	O	O	
disturbance	O	O	O	O	
from	O	O	O	O	
the	O	O	O	O	
breath	O	O	O	O	
of	O	O	O	O	
the	O	O	O	O	
external	O	O	O	O	
air	O	O	O	O	
.	O	O	O	O	

Beyond	O	O	O	O	
this	O	O	O	O	
indication	O	O	O	O	
of	O	O	O	O	
extensive	O	O	O	O	
decay	O	O	O	O	
,	O	O	O	O	
however	O	O	O	O	
,	O	O	O	O	
the	O	O	O	O	
fabric	O	O	O	O	
gave	O	O	O	O	
little	O	O	O	O	
token	O	O	O	O	
of	O	O	O	O	
instability	O	O	O	O	
.	O	O	O	O	

Perhaps	O	O	O	O	
the	O	O	O	O	
eye	O	O	O	O	
of	O	O	O	O	
a	B-PER	O	O	O	
scrutinizing	I-PER	O	O	O	
observer	I-PER	O	O	O	
might	O	O	O	O	
have	O	O	O	O	
discovered	O	O	O	O	
a	O	O	O	O	
barely	O	O	O	O	
perceptible	O	O	O	O	
fissure	O	O	O	O	
,	O	O	O	O	
which	O	O	O	O	
,	O	O	O	O	
extending	O	O	O	O	
from	O	O	O	O	
the	O	O	O	O	
roof	O	O	O	O	
of	O	O	O	O	
the	B-FAC	O	O	O	
building	I-FAC	O	O	O	
in	I-FAC	O	O	O	
front	I-FAC	O	O	O	
,	O	O	O	O	
made	O	O	O	O	
its	O	O	O	O	
way	O	O	O	O	
down	O	O	O	O	
the	O	O	O	O	
wall	O	O	O	O	
in	O	O	O	O	
a	O	O	O	O	
zigzag	O	O	O	O	
direction	O	O	O	O	
,	O	O	O	O	
until	O	O	O	O	
it	O	O	O	O	
became	O	O	O	O	
lost	O	O	O	O	
in	O	O	O	O	
the	B-LOC	O	O	O	
sullen	I-LOC	O	O	O	
waters	I-LOC	O	O	O	
of	I-LOC	O	O	O	
the	I-LOC	O	O	O	
tarn	I-LOC	O	O	O	
.	O	O	O	O	

Noticing	O	O	O	O	
these	O	O	O	O	
things	O	O	O	O	
,	O	O	O	O	
I	O	O	O	O	
rode	O	O	O	O	
over	O	O	O	O	
a	B-FAC	O	O	O	
short	I-FAC	O	O	O	
causeway	I-FAC	O	O	O	
to	O	O	O	O	
the	B-FAC	O	O	O	
house	I-FAC	O	O	O	
.	O	O	O	O	

A	B-PER	O	O	O	
servant	I-PER	O	O	O	
in	I-PER	O	O	O	
waiting	I-PER	O	O	O	
took	O	O	O	O	
my	O	O	O	O	
horse	O	O	O	O	
,	O	O	O	O	
and	O	O	O	O	
I	O	O	O	O	
entered	O	O	O	O	
the	O	B-FAC	O	O	
Gothic	O	I-FAC	O	O	
archway	O	I-FAC	O	O	
of	O	I-FAC	O	O	
the	B-FAC	I-FAC	O	O	
hall	I-FAC	I-FAC	O	O	
.	O	O	O	O	

A	B-PER	O	O	O	
valet	I-PER	O	O	O	
,	I-PER	O	O	O	
of	I-PER	O	O	O	
stealthy	I-PER	O	O	O	
step	I-PER	O	O	O	
,	O	O	O	O	
thence	O	O	O	O	
conducted	O	O	O	O	
me	O	O	O	O	
,	O	O	O	O	
in	O	O	O	O	
silence	O	O	O	O	
,	O	O	O	O	
through	O	O	O	O	
many	B-FAC	O	O	O	
dark	I-FAC	O	O	O	
and	I-FAC	O	O	O	
intricate	I-FAC	O	O	O	
passages	I-FAC	O	O	O	
in	O	O	O	O	
my	O	O	O	O	
progress	O	O	O	O	
to	O	O	O	O	
the	O	B-FAC	O	O	
studio	O	I-FAC	O	O	
of	O	I-FAC	O	O	
his	B-PER	I-FAC	O	O	
master	I-PER	I-FAC	O	O	
.	O	O	O	O	

Much	O	O	O	O	
that	O	O	O	O	
I	O	O	O	O	
encountered	O	O	O	O	
on	O	O	O	O	
the	O	O	O	O	
way	O	O	O	O	
contributed	O	O	O	O	
,	O	O	O	O	
I	O	O	O	O	
know	O	O	O	O	
not	O	O	O	O	
how	O	O	O	O	
,	O	O	O	O	
to	O	O	O	O	
heighten	O	O	O	O	
the	O	O	O	O	
vague	O	O	O	O	
sentiments	O	O	O	O	
of	O	O	O	O	
which	O	O	O	O	
I	O	O	O	O	
have	O	O	O	O	
already	O	O	O	O	
spoken	O	O	O	O	
.	O	O	O	O	

While	O	O	O	O	
the	O	O	O	O	
objects	O	O	O	O	
around	O	O	O	O	
me	O	O	O	O	
--	O	O	O	O	
while	O	O	O	O	
the	O	O	O	O	
carvings	O	O	O	O	
of	O	O	O	O	
the	O	O	O	O	
ceilings	O	O	O	O	
,	O	O	O	O	
the	O	O	O	O	
sombre	O	O	O	O	
tapestries	O	O	O	O	
of	O	O	O	O	
the	O	O	O	O	
walls	O	O	O	O	
,	O	O	O	O	
the	O	O	O	O	
ebon	O	O	O	O	
blackness	O	O	O	O	
of	O	O	O	O	
the	O	O	O	O	
floors	O	O	O	O	
,	O	O	O	O	
and	O	O	O	O	
the	O	O	O	O	
phantasmagoric	O	O	O	O	
armorial	O	O	O	O	
trophies	O	O	O	O	
which	O	O	O	O	
rattled	O	O	O	O	
as	O	O	O	O	
I	O	O	O	O	
strode	O	O	O	O	
,	O	O	O	O	
were	O	O	O	O	
but	O	O	O	O	
matters	O	O	O	O	
to	O	O	O	O	
which	O	O	O	O	
,	O	O	O	O	
or	O	O	O	O	
to	O	O	O	O	
such	O	O	O	O	
as	O	O	O	O	
which	O	O	O	O	
,	O	O	O	O	
I	O	O	O	O	
had	O	O	O	O	
been	O	O	O	O	
accustomed	O	O	O	O	
from	O	O	O	O	
my	O	O	O	O	
infancy	O	O	O	O	
--	O	O	O	O	
while	O	O	O	O	
I	O	O	O	O	
hesitated	O	O	O	O	
not	O	O	O	O	
to	O	O	O	O	
acknowledge	O	O	O	O	
how	O	O	O	O	
familiar	O	O	O	O	
was	O	O	O	O	
all	O	O	O	O	
this	O	O	O	O	
--	O	O	O	O	
I	O	O	O	O	
still	O	O	O	O	
wondered	O	O	O	O	
to	O	O	O	O	
find	O	O	O	O	
how	O	O	O	O	
unfamiliar	O	O	O	O	
were	O	O	O	O	
the	O	O	O	O	
fancies	O	O	O	O	
which	O	O	O	O	
ordinary	O	O	O	O	
images	O	O	O	O	
were	O	O	O	O	
stirring	O	O	O	O	
up	O	O	O	O	
.	O	O	O	O	

On	O	O	O	O	
one	B-FAC	O	O	O	
of	I-FAC	O	O	O	
the	I-FAC	O	O	O	
staircases	I-FAC	O	O	O	
,	O	O	O	O	
I	O	O	O	O	
met	O	O	O	O	
the	O	B-PER	O	O	
physician	O	I-PER	O	O	
of	O	I-PER	O	O	
the	B-PER	I-PER	O	O	
family	I-PER	I-PER	O	O	
.	O	O	O	O	

His	O	O	O	O	
countenance	O	O	O	O	
,	O	O	O	O	
I	O	O	O	O	
thought	O	O	O	O	
,	O	O	O	O	
wore	O	O	O	O	
a	O	O	O	O	
mingled	O	O	O	O	
expression	O	O	O	O	
of	O	O	O	O	
low	O	O	O	O	
cunning	O	O	O	O	
and	O	O	O	O	
perplexity	O	O	O	O	
.	O	O	O	O	

He	O	O	O	O	
accosted	O	O	O	O	
me	O	O	O	O	
with	O	O	O	O	
trepidation	O	O	O	O	
and	O	O	O	O	
passed	O	O	O	O	
on	O	O	O	O	
.	O	O	O	O	

The	B-PER	O	O	O	
valet	I-PER	O	O	O	
now	O	O	O	O	
threw	O	O	O	O	
open	O	O	O	O	
a	O	O	O	O	
door	O	O	O	O	
and	O	O	O	O	
ushered	O	O	O	O	
me	O	O	O	O	
into	O	O	O	O	
the	O	O	O	O	
presence	O	O	O	O	
of	O	O	O	O	
his	B-PER	O	O	O	
master	I-PER	O	O	O	
.	O	O	O	O	

The	B-FAC	O	O	O	
room	I-FAC	O	O	O	
in	I-FAC	O	O	O	
which	I-FAC	O	O	O	
I	I-FAC	O	O	O	
found	I-FAC	O	O	O	
myself	I-FAC	O	O	O	
was	O	O	O	O	
very	O	O	O	O	
large	O	O	O	O	
and	O	O	O	O	
lofty	O	O	O	O	
.	O	O	O	O	

The	O	O	O	O	
windows	O	O	O	O	
were	O	O	O	O	
long	O	O	O	O	
,	O	O	O	O	
narrow	O	O	O	O	
,	O	O	O	O	
and	O	O	O	O	
pointed	O	O	O	O	
,	O	O	O	O	
and	O	O	O	O	
at	O	O	O	O	
so	O	O	O	O	
vast	O	O	O	O	
a	O	O	O	O	
distance	O	O	O	O	
from	O	O	O	O	
the	O	O	O	O	
black	O	O	O	O	
oaken	O	O	O	O	
floor	O	O	O	O	
as	O	O	O	O	
to	O	O	O	O	
be	O	O	O	O	
altogether	O	O	O	O	
inaccessible	O	O	O	O	
from	O	O	O	O	
within	O	O	O	O	
.	O	O	O	O	

Feeble	O	O	O	O	
gleams	O	O	O	O	
of	O	O	O	O	
encrimsoned	O	O	O	O	
light	O	O	O	O	
made	O	O	O	O	
their	O	O	O	O	
way	O	O	O	O	
through	O	O	O	O	
the	O	O	O	O	
trellised	O	O	O	O	
panes	O	O	O	O	
,	O	O	O	O	
and	O	O	O	O	
served	O	O	O	O	
to	O	O	O	O	
render	O	O	O	O	
sufficiently	O	O	O	O	
distinct	O	O	O	O	
the	O	O	O	O	
more	O	O	O	O	
prominent	O	O	O	O	
objects	O	O	O	O	
around	O	O	O	O	
;	O	O	O	O	
the	O	O	O	O	
eye	O	O	O	O	
,	O	O	O	O	
however	O	O	O	O	
,	O	O	O	O	
struggled	O	O	O	O	
in	O	O	O	O	
vain	O	O	O	O	
to	O	O	O	O	
reach	O	O	O	O	
the	O	O	O	O	
remoter	O	O	O	O	
angles	O	O	O	O	
of	O	O	O	O	
the	B-FAC	O	O	O	
chamber	I-FAC	O	O	O	
,	O	O	O	O	
or	O	O	O	O	
the	O	O	O	O	
recesses	O	O	O	O	
of	O	O	O	O	
the	O	O	O	O	
vaulted	O	O	O	O	
and	O	O	O	O	
fretted	O	O	O	O	
ceiling	O	O	O	O	
.	O	O	O	O	

Dark	O	O	O	O	
draperies	O	O	O	O	
hung	O	O	O	O	
upon	O	O	O	O	
the	O	O	O	O	
walls	O	O	O	O	
.	O	O	O	O	

The	O	O	O	O	
general	O	O	O	O	
furniture	O	O	O	O	
was	O	O	O	O	
profuse	O	O	O	O	
,	O	O	O	O	
comfortless	O	O	O	O	
,	O	O	O	O	
antique	O	O	O	O	
,	O	O	O	O	
and	O	O	O	O	
tattered	O	O	O	O	
.	O	O	O	O	

Many	O	O	O	O	
books	O	O	O	O	
and	O	O	O	O	
musical	O	O	O	O	
instruments	O	O	O	O	
lay	O	O	O	O	
scattered	O	O	O	O	
about	O	O	O	O	
,	O	O	O	O	
but	O	O	O	O	
failed	O	O	O	O	
to	O	O	O	O	
give	O	O	O	O	
any	O	O	O	O	
vitality	O	O	O	O	
to	O	O	O	O	
the	O	O	O	O	
scene	O	O	O	O	
.	O	O	O	O	

I	O	O	O	O	
felt	O	O	O	O	
that	O	O	O	O	
I	O	O	O	O	
breathed	O	O	O	O	
an	O	O	O	O	
atmosphere	O	O	O	O	
of	O	O	O	O	
sorrow	O	O	O	O	
.	O	O	O	O	

An	O	O	O	O	
air	O	O	O	O	
of	O	O	O	O	
stern	O	O	O	O	
,	O	O	O	O	
deep	O	O	O	O	
,	O	O	O	O	
and	O	O	O	O	
irredeemable	O	O	O	O	
gloom	O	O	O	O	
hung	O	O	O	O	
over	O	O	O	O	
and	O	O	O	O	
pervaded	O	O	O	O	
all	O	O	O	O	
.	O	O	O	O	

Upon	O	O	O	O	
my	O	O	O	O	
entrance	O	O	O	O	
,	O	O	O	O	
Usher	B-PER	O	O	O	
rose	O	O	O	O	
from	O	O	O	O	
a	O	O	O	O	
sofa	O	O	O	O	
on	O	O	O	O	
which	O	O	O	O	
he	O	O	O	O	
had	O	O	O	O	
been	O	O	O	O	
lying	O	O	O	O	
at	O	O	O	O	
full	O	O	O	O	
length	O	O	O	O	
,	O	O	O	O	
and	O	O	O	O	
greeted	O	O	O	O	
me	O	O	O	O	
with	O	O	O	O	
a	O	O	O	O	
vivacious	O	O	O	O	
warmth	O	O	O	O	
which	O	O	O	O	
had	O	O	O	O	
much	O	O	O	O	
in	O	O	O	O	
it	O	O	O	O	
,	O	O	O	O	
I	O	O	O	O	
at	O	O	O	O	
first	O	O	O	O	
thought	O	O	O	O	
,	O	O	O	O	
of	O	O	O	O	
an	O	O	O	O	
overdone	O	O	O	O	
cordiality	O	O	O	O	
--	O	O	O	O	
of	O	O	O	O	
the	O	O	O	O	
constrained	O	O	O	O	
effort	O	O	O	O	
of	O	O	O	O	
the	O	B-PER	O	O	
ennuye	O	I-PER	O	O	
man	O	I-PER	O	O	
of	O	I-PER	O	O	
the	B-LOC	I-PER	O	O	
world	I-LOC	I-PER	O	O	
.	O	O	O	O	

A	O	O	O	O	
glance	O	O	O	O	
,	O	O	O	O	
however	O	O	O	O	
,	O	O	O	O	
at	O	O	O	O	
his	O	O	O	O	
countenance	O	O	O	O	
,	O	O	O	O	
convinced	O	O	O	O	
me	O	O	O	O	
of	O	O	O	O	
his	O	O	O	O	
perfect	O	O	O	O	
sincerity	O	O	O	O	
.	O	O	O	O	

We	O	O	O	O	
sat	O	O	O	O	
down	O	O	O	O	
;	O	O	O	O	
and	O	O	O	O	
for	O	O	O	O	
some	O	O	O	O	
moments	O	O	O	O	
,	O	O	O	O	
while	O	O	O	O	
he	O	O	O	O	
spoke	O	O	O	O	
not	O	O	O	O	
,	O	O	O	O	
I	O	O	O	O	
gazed	O	O	O	O	
upon	O	O	O	O	
him	O	O	O	O	
with	O	O	O	O	
a	O	O	O	O	
feeling	O	O	O	O	
half	O	O	O	O	
of	O	O	O	O	
pity	O	O	O	O	
,	O	O	O	O	
half	O	O	O	O	
of	O	O	O	O	
awe	O	O	O	O	
.	O	O	O	O	

Surely	O	O	O	O	
,	O	O	O	O	
man	B-PER	O	O	O	
had	O	O	O	O	
never	O	O	O	O	
before	O	O	O	O	
so	O	O	O	O	
terribly	O	O	O	O	
altered	O	O	O	O	
,	O	O	O	O	
in	O	O	O	O	
so	O	O	O	O	
brief	O	O	O	O	
a	O	O	O	O	
period	O	O	O	O	
,	O	O	O	O	
as	O	O	O	O	
had	O	O	O	O	
Roderick	B-PER	O	O	O	
Usher	I-PER	O	O	O	
!	O	O	O	O	

It	O	O	O	O	
was	O	O	O	O	
with	O	O	O	O	
difficulty	O	O	O	O	
that	O	O	O	O	
I	O	O	O	O	
could	O	O	O	O	
bring	O	O	O	O	
myself	O	O	O	O	
to	O	O	O	O	
admit	O	O	O	O	
the	O	O	O	O	
identity	O	O	O	O	
of	O	O	O	O	
the	B-PER	O	O	O	
wan	I-PER	O	O	O	
being	I-PER	O	O	O	
before	I-PER	O	O	O	
me	I-PER	O	O	O	
with	O	O	O	O	
the	B-PER	O	O	O	
companion	I-PER	O	O	O	
of	I-PER	O	O	O	
my	I-PER	O	O	O	
early	I-PER	O	O	O	
boyhood	I-PER	O	O	O	
.	O	O	O	O	

Yet	O	O	O	O	
the	O	O	O	O	
character	O	O	O	O	
of	O	O	O	O	
his	O	O	O	O	
face	O	O	O	O	
had	O	O	O	O	
been	O	O	O	O	
at	O	O	O	O	
all	O	O	O	O	
times	O	O	O	O	
remarkable	O	O	O	O	
.	O	O	O	O	

A	O	O	O	O	
cadaverousness	O	O	O	O	
of	O	O	O	O	
complexion	O	O	O	O	
;	O	O	O	O	
an	O	O	O	O	
eye	O	O	O	O	
large	O	O	O	O	
,	O	O	O	O	
liquid	O	O	O	O	
,	O	O	O	O	
and	O	O	O	O	
luminous	O	O	O	O	
beyond	O	O	O	O	
comparison	O	O	O	O	
;	O	O	O	O	
lips	O	O	O	O	
somewhat	O	O	O	O	
thin	O	O	O	O	
and	O	O	O	O	
very	O	O	O	O	
pallid	O	O	O	O	
,	O	O	O	O	
but	O	O	O	O	
of	O	O	O	O	
a	O	O	O	O	
surpassingly	O	O	O	O	
beautiful	O	O	O	O	
curve	O	O	O	O	
;	O	O	O	O	
a	O	O	O	O	
nose	O	O	O	O	
of	O	O	O	O	
a	O	O	O	O	
delicate	O	O	O	O	
Hebrew	O	O	O	O	
model	O	O	O	O	
,	O	O	O	O	
but	O	O	O	O	
with	O	O	O	O	
a	O	O	O	O	
breadth	O	O	O	O	
of	O	O	O	O	
nostril	O	O	O	O	
unusual	O	O	O	O	
in	O	O	O	O	
similar	O	O	O	O	
formations	O	O	O	O	
;	O	O	O	O	
a	O	O	O	O	
finely-moulded	O	O	O	O	
chin	O	O	O	O	
,	O	O	O	O	
speaking	O	O	O	O	
,	O	O	O	O	
in	O	O	O	O	
its	O	O	O	O	
want	O	O	O	O	
of	O	O	O	O	
prominence	O	O	O	O	
,	O	O	O	O	
of	O	O	O	O	
a	O	O	O	O	
want	O	O	O	O	
of	O	O	O	O	
moral	O	O	O	O	
energy	O	O	O	O	
;	O	O	O	O	
hair	O	O	O	O	
of	O	O	O	O	
a	O	O	O	O	
more	O	O	O	O	
than	O	O	O	O	
web-like	O	O	O	O	
softness	O	O	O	O	
and	O	O	O	O	
tenuity	O	O	O	O	
;	O	O	O	O	
these	O	O	O	O	
features	O	O	O	O	
,	O	O	O	O	
with	O	O	O	O	
an	O	O	O	O	
inordinate	O	O	O	O	
expansion	O	O	O	O	
above	O	O	O	O	
the	O	O	O	O	
regions	O	O	O	O	
of	O	O	O	O	
the	O	O	O	O	
temple	O	O	O	O	
,	O	O	O	O	
made	O	O	O	O	
up	O	O	O	O	
altogether	O	O	O	O	
a	O	O	O	O	
countenance	O	O	O	O	
not	O	O	O	O	
easily	O	O	O	O	
to	O	O	O	O	
be	O	O	O	O	
forgotten	O	O	O	O	
.	O	O	O	O	

And	O	O	O	O	
now	O	O	O	O	
in	O	O	O	O	
the	O	O	O	O	
mere	O	O	O	O	
exaggeration	O	O	O	O	
of	O	O	O	O	
the	O	O	O	O	
prevailing	O	O	O	O	
character	O	O	O	O	
of	O	O	O	O	
these	O	O	O	O	
features	O	O	O	O	
,	O	O	O	O	
and	O	O	O	O	
of	O	O	O	O	
the	O	O	O	O	
expression	O	O	O	O	
they	O	O	O	O	
were	O	O	O	O	
wont	O	O	O	O	
to	O	O	O	O	
convey	O	O	O	O	
,	O	O	O	O	
lay	O	O	O	O	
so	O	O	O	O	
much	O	O	O	O	
of	O	O	O	O	
change	O	O	O	O	
that	O	O	O	O	
I	O	O	O	O	
doubted	O	O	O	O	
to	O	O	O	O	
whom	O	O	O	O	
I	O	O	O	O	
spoke	O	O	O	O	
.	O	O	O	O	

The	O	O	O	O	
now	O	O	O	O	
ghastly	O	O	O	O	
pallor	O	O	O	O	
of	O	O	O	O	
the	O	O	O	O	
skin	O	O	O	O	
,	O	O	O	O	
and	O	O	O	O	
the	O	O	O	O	
now	O	O	O	O	
miraculous	O	O	O	O	
lustre	O	O	O	O	
of	O	O	O	O	
the	O	O	O	O	
eye	O	O	O	O	
,	O	O	O	O	
above	O	O	O	O	
all	O	O	O	O	
things	O	O	O	O	
startled	O	O	O	O	
and	O	O	O	O	
even	O	O	O	O	
awed	O	O	O	O	
me	O	O	O	O	
.	O	O	O	O	

The	O	O	O	O	
silken	O	O	O	O	
hair	O	O	O	O	
,	O	O	O	O	
too	O	O	O	O	
,	O	O	O	O	
had	O	O	O	O	
been	O	O	O	O	
suffered	O	O	O	O	
to	O	O	O	O	
grow	O	O	O	O	
all	O	O	O	O	
unheeded	O	O	O	O	
,	O	O	O	O	
and	O	O	O	O	
as	O	O	O	O	
,	O	O	O	O	
in	O	O	O	O	
its	O	O	O	O	
wild	O	O	O	O	
gossamer	O	O	O	O	
texture	O	O	O	O	
,	O	O	O	O	
it	O	O	O	O	
floated	O	O	O	O	
rather	O	O	O	O	
than	O	O	O	O	
fell	O	O	O	O	
about	O	O	O	O	
the	O	O	O	O	
face	O	O	O	O	
,	O	O	O	O	
I	O	O	O	O	
could	O	O	O	O	
not	O	O	O	O	
,	O	O	O	O	
even	O	O	O	O	
with	O	O	O	O	
effort	O	O	O	O	
,	O	O	O	O	
connect	O	O	O	O	
its	O	O	O	O	
Arabesque	O	O	O	O	
expression	O	O	O	O	
with	O	O	O	O	
any	O	O	O	O	
idea	O	O	O	O	
of	O	O	O	O	
simple	O	O	O	O	
humanity	O	O	O	O	
.	O	O	O	O	

