BOOK	O	O	O	O	O	
ONE	O	O	O	O	O	
CHAPTER	O	O	O	O	O	
I	O	O	O	O	O	
ANTHONY	B-PER	O	O	O	O	
PATCH	I-PER	O	O	O	O	
In	O	O	O	O	O	
1913	O	O	O	O	O	
,	O	O	O	O	O	
when	O	O	O	O	O	
Anthony	B-PER	O	O	O	O	
Patch	I-PER	O	O	O	O	
was	O	O	O	O	O	
twenty-five	O	O	O	O	O	
,	O	O	O	O	O	
two	O	O	O	O	O	
years	O	O	O	O	O	
were	O	O	O	O	O	
already	O	O	O	O	O	
gone	O	O	O	O	O	
since	O	O	O	O	O	
irony	O	O	O	O	O	
,	O	O	O	O	O	
the	O	O	O	O	O	
Holy	O	O	O	O	O	
Ghost	O	O	O	O	O	
of	O	O	O	O	O	
this	O	O	O	O	O	
later	O	O	O	O	O	
day	O	O	O	O	O	
,	O	O	O	O	O	
had	O	O	O	O	O	
,	O	O	O	O	O	
theoretically	O	O	O	O	O	
at	O	O	O	O	O	
least	O	O	O	O	O	
,	O	O	O	O	O	
descended	O	O	O	O	O	
upon	O	O	O	O	O	
him	O	O	O	O	O	
.	O	O	O	O	O	

Irony	O	O	O	O	O	
was	O	O	O	O	O	
the	O	O	O	O	O	
final	O	O	O	O	O	
polish	O	O	O	O	O	
of	O	O	O	O	O	
the	O	O	O	O	O	
shoe	O	O	O	O	O	
,	O	O	O	O	O	
the	O	O	O	O	O	
ultimate	O	O	O	O	O	
dab	O	O	O	O	O	
of	O	O	O	O	O	
the	O	O	O	O	O	
clothes-brush	O	O	O	O	O	
,	O	O	O	O	O	
a	O	O	O	O	O	
sort	O	O	O	O	O	
of	O	O	O	O	O	
intellectual	O	O	O	O	O	
"	O	O	O	O	O	
There	O	O	O	O	O	
!	O	O	O	O	O	
"	O	O	O	O	O	

--	O	O	O	O	O	
yet	O	O	O	O	O	
at	O	O	O	O	O	
the	O	O	O	O	O	
brink	O	O	O	O	O	
of	O	O	O	O	O	
this	O	O	O	O	O	
story	O	O	O	O	O	
he	O	O	O	O	O	
has	O	O	O	O	O	
as	O	O	O	O	O	
yet	O	O	O	O	O	
gone	O	O	O	O	O	
no	O	O	O	O	O	
further	O	O	O	O	O	
than	O	O	O	O	O	
the	O	O	O	O	O	
conscious	O	O	O	O	O	
stage	O	O	O	O	O	
.	O	O	O	O	O	

As	O	O	O	O	O	
you	O	O	O	O	O	
first	O	O	O	O	O	
see	O	O	O	O	O	
him	O	O	O	O	O	
he	O	O	O	O	O	
wonders	O	O	O	O	O	
frequently	O	O	O	O	O	
whether	O	O	O	O	O	
he	O	O	O	O	O	
is	O	O	O	O	O	
not	O	O	O	O	O	
without	O	O	O	O	O	
honor	O	O	O	O	O	
and	O	O	O	O	O	
slightly	O	O	O	O	O	
mad	O	O	O	O	O	
,	O	O	O	O	O	
a	O	O	O	O	O	
shameful	O	O	O	O	O	
and	O	O	O	O	O	
obscene	O	O	O	O	O	
thinness	O	O	O	O	O	
glistening	O	O	O	O	O	
on	O	O	O	O	O	
the	O	O	O	O	O	
surface	O	O	O	O	O	
of	O	O	O	O	O	
the	B-LOC	O	O	O	O	
world	I-LOC	O	O	O	O	
like	O	O	O	O	O	
oil	O	O	O	O	O	
on	O	O	O	O	O	
a	B-LOC	O	O	O	O	
clean	I-LOC	O	O	O	O	
pond	I-LOC	O	O	O	O	
,	O	O	O	O	O	
these	O	O	O	O	O	
occasions	O	O	O	O	O	
being	O	O	O	O	O	
varied	O	O	O	O	O	
,	O	O	O	O	O	
of	O	O	O	O	O	
course	O	O	O	O	O	
,	O	O	O	O	O	
with	O	O	O	O	O	
those	O	O	O	O	O	
in	O	O	O	O	O	
which	O	O	O	O	O	
he	O	O	O	O	O	
thinks	O	O	O	O	O	
himself	O	O	O	O	O	
rather	O	O	O	O	O	
an	B-PER	O	O	O	O	
exceptional	I-PER	O	O	O	O	
young	I-PER	O	O	O	O	
man	I-PER	O	O	O	O	
,	O	O	O	O	O	
thoroughly	O	O	O	O	O	
sophisticated	O	O	O	O	O	
,	O	O	O	O	O	
well	O	O	O	O	O	
adjusted	O	O	O	O	O	
to	O	O	O	O	O	
his	O	O	O	O	O	
environment	O	O	O	O	O	
,	O	O	O	O	O	
and	O	O	O	O	O	
somewhat	O	O	O	O	O	
more	O	O	O	O	O	
significant	O	O	O	O	O	
than	O	O	O	O	O	
any	B-PER	O	O	O	O	
one	I-PER	O	O	O	O	
else	I-PER	O	O	O	O	
he	I-PER	O	O	O	O	
knows	I-PER	O	O	O	O	
.	O	O	O	O	O	

This	O	O	O	O	O	
was	O	O	O	O	O	
his	O	O	O	O	O	
healthy	O	O	O	O	O	
state	O	O	O	O	O	
and	O	O	O	O	O	
it	O	O	O	O	O	
made	O	O	O	O	O	
him	O	O	O	O	O	
cheerful	O	O	O	O	O	
,	O	O	O	O	O	
pleasant	O	O	O	O	O	
,	O	O	O	O	O	
and	O	O	O	O	O	
very	O	O	O	O	O	
attractive	O	O	O	O	O	
to	O	O	O	O	O	
intelligent	B-PER	O	O	O	O	
men	I-PER	O	O	O	O	
and	O	O	O	O	O	
to	O	O	O	O	O	
all	B-PER	O	O	O	O	
women	I-PER	O	O	O	O	
.	O	O	O	O	O	

In	O	O	O	O	O	
this	O	O	O	O	O	
state	O	O	O	O	O	
he	O	O	O	O	O	
considered	O	O	O	O	O	
that	O	O	O	O	O	
he	O	O	O	O	O	
would	O	O	O	O	O	
one	O	O	O	O	O	
day	O	O	O	O	O	
accomplish	O	O	O	O	O	
some	O	O	O	O	O	
quiet	O	O	O	O	O	
subtle	O	O	O	O	O	
thing	O	O	O	O	O	
that	O	O	O	O	O	
the	B-PER	O	O	O	O	
elect	I-PER	O	O	O	O	
would	O	O	O	O	O	
deem	O	O	O	O	O	
worthy	O	O	O	O	O	
and	O	O	O	O	O	
,	O	O	O	O	O	
passing	O	O	O	O	O	
on	O	O	O	O	O	
,	O	O	O	O	O	
would	O	O	O	O	O	
join	O	O	O	O	O	
the	O	O	O	O	O	
dimmer	O	O	O	O	O	
stars	O	O	O	O	O	
in	O	O	O	O	O	
a	O	O	O	O	O	
nebulous	O	O	O	O	O	
,	O	O	O	O	O	
indeterminate	O	O	O	O	O	
heaven	O	O	O	O	O	
half-way	O	O	O	O	O	
between	O	O	O	O	O	
death	O	O	O	O	O	
and	O	O	O	O	O	
immortality	O	O	O	O	O	
.	O	O	O	O	O	

Until	O	O	O	O	O	
the	O	O	O	O	O	
time	O	O	O	O	O	
came	O	O	O	O	O	
for	O	O	O	O	O	
this	O	O	O	O	O	
effort	O	O	O	O	O	
he	O	O	O	O	O	
would	O	O	O	O	O	
be	O	O	O	O	O	
Anthony	B-PER	O	O	O	O	
Patch	I-PER	O	O	O	O	
--	O	O	O	O	O	
not	O	O	O	O	O	
a	O	O	O	O	O	
portrait	O	O	O	O	O	
of	O	O	O	O	O	
a	B-PER	O	O	O	O	
man	I-PER	O	O	O	O	
but	O	O	O	O	O	
a	B-PER	O	O	O	O	
distinct	I-PER	O	O	O	O	
and	I-PER	O	O	O	O	
dynamic	I-PER	O	O	O	O	
personality	I-PER	O	O	O	O	
,	O	O	O	O	O	
opinionated	O	O	O	O	O	
,	O	O	O	O	O	
contemptuous	O	O	O	O	O	
,	O	O	O	O	O	
functioning	O	O	O	O	O	
from	O	O	O	O	O	
within	O	O	O	O	O	
outward	O	O	O	O	O	
--	O	O	O	O	O	
a	B-PER	O	O	O	O	
man	I-PER	O	O	O	O	
who	I-PER	O	O	O	O	
was	I-PER	O	O	O	O	
aware	I-PER	O	O	O	O	
that	I-PER	O	O	O	O	
there	I-PER	O	O	O	O	
could	I-PER	O	O	O	O	
be	I-PER	O	O	O	O	
no	I-PER	O	O	O	O	
honor	I-PER	O	O	O	O	
and	I-PER	O	O	O	O	
yet	I-PER	O	O	O	O	
had	I-PER	O	O	O	O	
honor	I-PER	O	O	O	O	
,	I-PER	O	O	O	O	
who	I-PER	O	O	O	O	
knew	I-PER	O	O	O	O	
the	I-PER	O	O	O	O	
sophistry	I-PER	O	O	O	O	
of	I-PER	O	O	O	O	
courage	I-PER	O	O	O	O	
and	I-PER	O	O	O	O	
yet	I-PER	O	O	O	O	
was	I-PER	O	O	O	O	
brave	I-PER	O	O	O	O	
.	O	O	O	O	O	

A	B-PER	O	O	O	O	
WORTHY	I-PER	O	O	O	O	
MAN	I-PER	O	O	O	O	
AND	O	O	O	O	O	
HIS	B-PER	O	O	O	O	
GIFTED	I-PER	O	O	O	O	
SON	I-PER	O	O	O	O	
Anthony	B-PER	O	O	O	O	
drew	O	O	O	O	O	
as	O	O	O	O	O	
much	O	O	O	O	O	
consciousness	O	O	O	O	O	
of	O	O	O	O	O	
social	O	O	O	O	O	
security	O	O	O	O	O	
from	O	O	O	O	O	
being	O	O	O	O	O	
the	O	B-PER	O	O	O	
grandson	O	I-PER	O	O	O	
of	O	I-PER	O	O	O	
Adam	B-PER	I-PER	O	O	O	
J.	I-PER	I-PER	O	O	O	
Patch	I-PER	I-PER	O	O	O	
as	O	O	O	O	O	
he	O	O	O	O	O	
would	O	O	O	O	O	
have	O	O	O	O	O	
had	O	O	O	O	O	
from	O	O	O	O	O	
tracing	O	O	O	O	O	
his	O	O	O	O	O	
line	O	O	O	O	O	
over	O	O	O	O	O	
the	B-LOC	O	O	O	O	
sea	I-LOC	O	O	O	O	
to	O	O	O	O	O	
the	B-PER	O	O	O	O	
crusaders	I-PER	O	O	O	O	
.	O	O	O	O	O	

This	O	O	O	O	O	
is	O	O	O	O	O	
inevitable	O	O	O	O	O	
;	O	O	O	O	O	
Virginians	B-PER	O	O	O	O	
and	O	O	O	O	O	
Bostonians	B-PER	O	O	O	O	
to	O	O	O	O	O	
the	O	O	O	O	O	
contrary	O	O	O	O	O	
notwithstanding	O	O	O	O	O	
,	O	O	O	O	O	
an	O	O	O	O	O	
aristocracy	O	O	O	O	O	
founded	O	O	O	O	O	
sheerly	O	O	O	O	O	
on	O	O	O	O	O	
money	O	O	O	O	O	
postulates	O	O	O	O	O	
wealth	O	O	O	O	O	
in	O	O	O	O	O	
the	O	O	O	O	O	
particular	O	O	O	O	O	
.	O	O	O	O	O	

Now	O	O	O	O	O	
Adam	B-PER	O	O	O	O	
J.	I-PER	O	O	O	O	
Patch	I-PER	O	O	O	O	
,	O	O	O	O	O	
more	O	O	O	O	O	
familiarly	O	O	O	O	O	
known	O	O	O	O	O	
as	O	O	O	O	O	
"	O	O	O	O	O	
Cross	B-PER	O	O	O	O	
Patch	I-PER	O	O	O	O	
,	O	O	O	O	O	
"	O	O	O	O	O	
left	O	O	O	O	O	
his	B-PER	B-FAC	O	O	O	
father	I-PER	I-FAC	O	O	O	
's	O	I-FAC	O	O	O	
farm	O	I-FAC	O	O	O	
in	O	O	O	O	O	
Tarrytown	B-GPE	O	O	O	O	
early	O	O	O	O	O	
in	O	O	O	O	O	
sixty-one	O	O	O	O	O	
to	O	O	O	O	O	
join	O	O	O	O	O	
a	O	O	O	O	O	
New	B-ORG	O	O	O	O	
York	I-ORG	O	O	O	O	
cavalry	I-ORG	O	O	O	O	
regiment	I-ORG	O	O	O	O	
.	O	O	O	O	O	

He	O	O	O	O	O	
came	O	O	O	O	O	
home	B-FAC	O	O	O	O	
from	O	O	O	O	O	
the	O	O	O	O	O	
war	O	O	O	O	O	
a	B-PER	O	O	O	O	
major	I-PER	O	O	O	O	
,	O	O	O	O	O	
charged	O	O	O	O	O	
into	O	O	O	O	O	
Wall	B-FAC	O	O	O	O	
Street	I-FAC	O	O	O	O	
,	O	O	O	O	O	
and	O	O	O	O	O	
amid	O	O	O	O	O	
much	O	O	O	O	O	
fuss	O	O	O	O	O	
,	O	O	O	O	O	
fume	O	O	O	O	O	
,	O	O	O	O	O	
applause	O	O	O	O	O	
,	O	O	O	O	O	
and	O	O	O	O	O	
ill	O	O	O	O	O	
will	O	O	O	O	O	
he	O	O	O	O	O	
gathered	O	O	O	O	O	
to	O	O	O	O	O	
himself	O	O	O	O	O	
some	O	O	O	O	O	
seventy-five	O	O	O	O	O	
million	O	O	O	O	O	
dollars	O	O	O	O	O	
.	O	O	O	O	O	

This	O	O	O	O	O	
occupied	O	O	O	O	O	
his	O	O	O	O	O	
energies	O	O	O	O	O	
until	O	O	O	O	O	
he	O	O	O	O	O	
was	O	O	O	O	O	
fifty-seven	O	O	O	O	O	
years	O	O	O	O	O	
old	O	O	O	O	O	
.	O	O	O	O	O	

It	O	O	O	O	O	
was	O	O	O	O	O	
then	O	O	O	O	O	
that	O	O	O	O	O	
he	O	O	O	O	O	
determined	O	O	O	O	O	
,	O	O	O	O	O	
after	O	O	O	O	O	
a	O	O	O	O	O	
severe	O	O	O	O	O	
attack	O	O	O	O	O	
of	O	O	O	O	O	
sclerosis	O	O	O	O	O	
,	O	O	O	O	O	
to	O	O	O	O	O	
consecrate	O	O	O	O	O	
the	O	O	O	O	O	
remainder	O	O	O	O	O	
of	O	O	O	O	O	
his	O	O	O	O	O	
life	O	O	O	O	O	
to	O	O	O	O	O	
the	O	O	O	O	O	
moral	O	O	O	O	O	
regeneration	O	O	O	O	O	
of	O	O	O	O	O	
the	B-PER	O	O	O	O	
world	I-PER	O	O	O	O	
.	O	O	O	O	O	

He	O	O	O	O	O	
became	O	O	O	O	O	
a	O	B-PER	O	O	O	
reformer	O	I-PER	O	O	O	
among	O	I-PER	O	O	O	
reformers	B-PER	I-PER	O	O	O	
.	O	O	O	O	O	

Emulating	O	O	O	O	O	
the	O	O	O	O	O	
magnificent	O	O	O	O	O	
efforts	O	O	O	O	O	
of	O	O	O	O	O	
Anthony	O	B-PER	O	O	O	
Comstock	O	I-PER	O	O	O	
,	O	I-PER	O	O	O	
after	O	I-PER	O	O	O	
whom	O	I-PER	O	O	O	
his	B-PER	I-PER	O	O	O	
grandson	I-PER	I-PER	O	O	O	
was	O	I-PER	O	O	O	
named	O	I-PER	O	O	O	
,	O	O	O	O	O	
he	O	O	O	O	O	
levelled	O	O	O	O	O	
a	O	O	O	O	O	
varied	O	O	O	O	O	
assortment	O	O	O	O	O	
of	O	O	O	O	O	
uppercuts	O	O	O	O	O	
and	O	O	O	O	O	
body-blows	O	O	O	O	O	
at	O	O	O	O	O	
liquor	O	O	O	O	O	
,	O	O	O	O	O	
literature	O	O	O	O	O	
,	O	O	O	O	O	
vice	O	O	O	O	O	
,	O	O	O	O	O	
art	O	O	O	O	O	
,	O	O	O	O	O	
patent	O	O	O	O	O	
medicines	O	O	O	O	O	
,	O	O	O	O	O	
and	O	O	O	O	O	
Sunday	O	O	O	O	O	
theatres	O	O	O	O	O	
.	O	O	O	O	O	

His	O	O	O	O	O	
mind	O	O	O	O	O	
,	O	O	O	O	O	
under	O	O	O	O	O	
the	O	O	O	O	O	
influence	O	O	O	O	O	
of	O	O	O	O	O	
that	O	O	O	O	O	
insidious	O	O	O	O	O	
mildew	O	O	O	O	O	
which	O	O	O	O	O	
eventually	O	O	O	O	O	
forms	O	O	O	O	O	
on	O	O	O	O	O	
all	O	O	O	O	O	
but	O	O	O	O	O	
the	O	O	O	O	O	
few	O	O	O	O	O	
,	O	O	O	O	O	
gave	O	O	O	O	O	
itself	O	O	O	O	O	
up	O	O	O	O	O	
furiously	O	O	O	O	O	
to	O	O	O	O	O	
every	O	O	O	O	O	
indignation	O	O	O	O	O	
of	O	O	O	O	O	
the	O	O	O	O	O	
age	O	O	O	O	O	
.	O	O	O	O	O	

From	O	O	O	O	O	
an	O	O	O	O	O	
armchair	O	O	O	O	O	
in	O	O	O	O	O	
the	O	O	B-FAC	O	O	
office	O	O	I-FAC	O	O	
of	O	O	I-FAC	O	O	
his	O	B-FAC	I-FAC	O	O	
Tarrytown	B-GPE	I-FAC	I-FAC	O	O	
estate	O	I-FAC	I-FAC	O	O	
he	O	O	O	O	O	
directed	O	O	O	O	O	
against	O	O	O	O	O	
the	O	O	O	O	O	
enormous	O	O	O	O	O	
hypothetical	O	O	O	O	O	
enemy	O	O	O	O	O	
,	O	O	O	O	O	
unrighteousness	O	O	O	O	O	
,	O	O	O	O	O	
a	O	O	O	O	O	
campaign	O	O	O	O	O	
which	O	O	O	O	O	
went	O	O	O	O	O	
on	O	O	O	O	O	
through	O	O	O	O	O	
fifteen	O	O	O	O	O	
years	O	O	O	O	O	
,	O	O	O	O	O	
during	O	O	O	O	O	
which	O	O	O	O	O	
he	O	O	O	O	O	
displayed	O	O	O	O	O	
himself	O	O	O	O	O	
a	B-PER	O	O	O	O	
rabid	I-PER	O	O	O	O	
monomaniac	I-PER	O	O	O	O	
,	O	O	O	O	O	
an	B-PER	O	O	O	O	
unqualified	I-PER	O	O	O	O	
nuisance	I-PER	O	O	O	O	
,	O	O	O	O	O	
and	O	O	O	O	O	
an	B-PER	O	O	O	O	
intolerable	I-PER	O	O	O	O	
bore	I-PER	O	O	O	O	
.	O	O	O	O	O	

The	O	O	O	O	O	
year	O	O	O	O	O	
in	O	O	O	O	O	
which	O	O	O	O	O	
this	O	O	O	O	O	
story	O	O	O	O	O	
opens	O	O	O	O	O	
found	O	O	O	O	O	
him	O	O	O	O	O	
wearying	O	O	O	O	O	
;	O	O	O	O	O	
his	O	O	O	O	O	
campaign	O	O	O	O	O	
had	O	O	O	O	O	
grown	O	O	O	O	O	
desultory	O	O	O	O	O	
;	O	O	O	O	O	
1861	O	O	O	O	O	
was	O	O	O	O	O	
creeping	O	O	O	O	O	
up	O	O	O	O	O	
slowly	O	O	O	O	O	
on	O	O	O	O	O	
1895	O	O	O	O	O	
;	O	O	O	O	O	
his	O	O	O	O	O	
thoughts	O	O	O	O	O	
ran	O	O	O	O	O	
a	O	O	O	O	O	
great	O	O	O	O	O	
deal	O	O	O	O	O	
on	O	O	O	O	O	
the	O	O	O	O	O	
Civil	O	O	O	O	O	
War	O	O	O	O	O	
,	O	O	O	O	O	
somewhat	O	O	O	O	O	
on	O	O	O	O	O	
his	O	O	O	O	O	
dead	B-PER	O	O	O	O	
wife	I-PER	O	O	O	O	
and	O	O	O	O	O	
son	B-PER	O	O	O	O	
,	O	O	O	O	O	
almost	O	O	O	O	O	
infinitesimally	O	O	O	O	O	
on	O	O	O	O	O	
his	B-PER	O	O	O	O	
grandson	I-PER	O	O	O	O	
Anthony	B-PER	O	O	O	O	
.	O	O	O	O	O	

Early	O	O	O	O	O	
in	O	O	O	O	O	
his	O	O	O	O	O	
career	O	O	O	O	O	
Adam	B-PER	O	O	O	O	
Patch	I-PER	O	O	O	O	
had	O	O	O	O	O	
married	O	O	O	O	O	
an	B-PER	O	O	O	O	
anemic	I-PER	O	O	O	O	
lady	I-PER	O	O	O	O	
of	I-PER	O	O	O	O	
thirty	I-PER	O	O	O	O	
,	O	O	O	O	O	
Alicia	B-PER	O	O	O	O	
Withers	I-PER	O	O	O	O	
,	O	O	O	O	O	
who	O	O	O	O	O	
brought	O	O	O	O	O	
him	O	O	O	O	O	
one	O	O	O	O	O	
hundred	O	O	O	O	O	
thousand	O	O	O	O	O	
dollars	O	O	O	O	O	
and	O	O	O	O	O	
an	O	O	O	O	O	
impeccable	O	O	O	O	O	
entr√©	O	O	O	O	O	
into	O	O	O	O	O	
the	O	B-PER	O	O	O	
banking	O	I-PER	O	O	O	
circles	O	I-PER	O	O	O	
of	O	I-PER	O	O	O	
New	B-GPE	I-PER	O	O	O	
York	I-GPE	I-PER	O	O	O	
.	O	O	O	O	O	

Immediately	O	O	O	O	O	
and	O	O	O	O	O	
rather	O	O	O	O	O	
spunkily	O	O	O	O	O	
she	O	O	O	O	O	
had	O	O	O	O	O	
borne	O	O	O	O	O	
him	O	O	O	O	O	
a	B-PER	O	O	O	O	
son	I-PER	O	O	O	O	
and	O	O	O	O	O	
,	O	O	O	O	O	
as	O	O	O	O	O	
if	O	O	O	O	O	
completely	O	O	O	O	O	
devitalized	O	O	O	O	O	
by	O	O	O	O	O	
the	O	O	O	O	O	
magnificence	O	O	O	O	O	
of	O	O	O	O	O	
this	O	O	O	O	O	
performance	O	O	O	O	O	
,	O	O	O	O	O	
she	O	O	O	O	O	
had	O	O	O	O	O	
thenceforth	O	O	O	O	O	
effaced	O	O	O	O	O	
herself	O	O	O	O	O	
within	O	O	O	O	O	
the	O	O	O	O	O	
shadowy	O	O	O	O	O	
dimensions	O	O	O	O	O	
of	O	O	O	O	O	
the	B-FAC	O	O	O	O	
nursery	I-FAC	O	O	O	O	
.	O	O	O	O	O	

The	B-PER	O	O	O	O	
boy	I-PER	O	O	O	O	
,	O	O	O	O	O	
Adam	B-PER	O	O	O	O	
Ulysses	I-PER	O	O	O	O	
Patch	I-PER	O	O	O	O	
,	O	O	O	O	O	
became	O	O	O	O	O	
an	O	B-PER	O	O	O	
inveterate	O	I-PER	O	O	O	
joiner	O	I-PER	O	O	O	
of	O	I-PER	O	O	O	
clubs	B-ORG	I-PER	O	O	O	
,	O	O	O	O	O	
connoisseur	B-PER	O	O	O	O	
of	I-PER	O	O	O	O	
good	I-PER	O	O	O	O	
form	I-PER	O	O	O	O	
,	O	O	O	O	O	
and	O	O	O	O	O	
driver	O	B-PER	O	O	O	
of	O	I-PER	O	O	O	
tandems	B-VEH	I-PER	O	O	O	
--	O	O	O	O	O	
at	O	O	O	O	O	
the	O	O	O	O	O	
astonishing	O	O	O	O	O	
age	O	O	O	O	O	
of	O	O	O	O	O	
twenty-six	O	O	O	O	O	
he	O	O	O	O	O	
began	O	O	O	O	O	
his	O	O	O	O	O	
memoirs	O	O	O	O	O	
under	O	O	O	O	O	
the	O	O	O	O	O	
title	O	O	O	O	O	
"	O	O	O	O	O	
New	B-GPE	B-PER	O	O	O	
York	I-GPE	I-PER	O	O	O	
Society	O	I-PER	O	O	O	
as	O	O	O	O	O	
I	O	O	O	O	O	
Have	O	O	O	O	O	
Seen	O	O	O	O	O	
It	O	O	O	O	O	
.	O	O	O	O	O	
"	O	O	O	O	O	

On	O	O	O	O	O	
the	O	O	O	O	O	
rumor	O	O	O	O	O	
of	O	O	O	O	O	
its	O	O	O	O	O	
conception	O	O	O	O	O	
this	O	O	O	O	O	
work	O	O	O	O	O	
was	O	O	O	O	O	
eagerly	O	O	O	O	O	
bid	O	O	O	O	O	
for	O	O	O	O	O	
among	O	O	O	O	O	
publishers	B-PER	O	O	O	O	
,	O	O	O	O	O	
but	O	O	O	O	O	
as	O	O	O	O	O	
it	O	O	O	O	O	
proved	O	O	O	O	O	
after	O	O	O	O	O	
his	O	O	O	O	O	
death	O	O	O	O	O	
to	O	O	O	O	O	
be	O	O	O	O	O	
immoderately	O	O	O	O	O	
verbose	O	O	O	O	O	
and	O	O	O	O	O	
overpoweringly	O	O	O	O	O	
dull	O	O	O	O	O	
,	O	O	O	O	O	
it	O	O	O	O	O	
never	O	O	O	O	O	
obtained	O	O	O	O	O	
even	O	O	O	O	O	
a	O	O	O	O	O	
private	O	O	O	O	O	
printing	O	O	O	O	O	
.	O	O	O	O	O	

This	O	B-PER	O	O	O	
Fifth	B-FAC	I-PER	O	O	O	
Avenue	I-FAC	I-PER	O	O	O	
Chesterfield	O	I-PER	O	O	O	
married	O	O	O	O	O	
at	O	O	O	O	O	
twenty-two	O	O	O	O	O	
.	O	O	O	O	O	

His	B-PER	O	O	O	O	
wife	I-PER	O	O	O	O	
was	O	O	O	O	O	
Henrietta	B-PER	O	O	O	O	
Lebrune	I-PER	O	O	O	O	
,	O	O	O	O	O	
the	O	O	O	O	O	
Boston	B-GPE	B-PER	O	O	O	
"	O	I-PER	O	O	O	
Society	O	I-PER	O	O	O	
Contralto	O	I-PER	O	O	O	
,	O	O	O	O	O	
"	O	O	O	O	O	
and	O	O	O	O	O	
the	B-PER	O	O	O	O	
single	I-PER	O	O	O	O	
child	I-PER	O	O	O	O	
of	I-PER	O	O	O	O	
the	I-PER	O	O	O	O	
union	I-PER	O	O	O	O	
was	O	O	O	O	O	
,	O	O	O	O	O	
at	O	O	O	O	O	
the	O	O	O	O	O	
request	O	O	O	O	O	
of	O	O	O	O	O	
his	B-PER	O	O	O	O	
grandfather	I-PER	O	O	O	O	
,	O	O	O	O	O	
christened	O	O	O	O	O	
Anthony	B-PER	O	O	O	O	
Comstock	I-PER	O	O	O	O	
Patch	I-PER	O	O	O	O	
.	O	O	O	O	O	

When	O	O	O	O	O	
he	O	O	O	O	O	
went	O	O	O	O	O	
to	O	O	O	O	O	
Harvard	B-ORG	O	O	O	O	
,	O	O	O	O	O	
the	B-PER	O	O	O	O	
Comstock	I-PER	O	O	O	O	
dropped	O	O	O	O	O	
out	O	O	O	O	O	
of	O	O	O	O	O	
his	O	O	O	O	O	
name	O	O	O	O	O	
to	O	O	O	O	O	
a	O	O	O	O	O	
nether	O	O	O	O	O	
hell	O	O	O	O	O	
of	O	O	O	O	O	
oblivion	O	O	O	O	O	
and	O	O	O	O	O	
was	O	O	O	O	O	
never	O	O	O	O	O	
heard	O	O	O	O	O	
of	O	O	O	O	O	
thereafter	O	O	O	O	O	
.	O	O	O	O	O	

Young	B-PER	O	O	O	O	
Anthony	I-PER	O	O	O	O	
had	O	O	O	O	O	
one	O	O	O	O	O	
picture	O	O	O	O	O	
of	O	O	O	O	O	
his	B-PER	O	O	O	O	
father	I-PER	O	O	O	O	
and	O	O	O	O	O	
mother	B-PER	O	O	O	O	
together	O	O	O	O	O	
--	O	O	O	O	O	
so	O	O	O	O	O	
often	O	O	O	O	O	
had	O	O	O	O	O	
it	O	O	O	O	O	
faced	O	O	O	O	O	
his	O	O	O	O	O	
eyes	O	O	O	O	O	
in	O	O	O	O	O	
childhood	O	O	O	O	O	
that	O	O	O	O	O	
it	O	O	O	O	O	
had	O	O	O	O	O	
acquired	O	O	O	O	O	
the	O	O	O	O	O	
impersonality	O	O	O	O	O	
of	O	O	O	O	O	
furniture	O	O	O	O	O	
,	O	O	O	O	O	
but	O	O	O	O	O	
every	O	B-PER	O	O	O	
one	O	I-PER	O	O	O	
who	O	I-PER	O	O	O	
came	O	I-PER	O	O	O	
into	O	I-PER	O	O	O	
his	B-FAC	I-PER	O	O	O	
bedroom	I-FAC	I-PER	O	O	O	
regarded	O	O	O	O	O	
it	O	O	O	O	O	
with	O	O	O	O	O	
interest	O	O	O	O	O	
.	O	O	O	O	O	

It	O	O	O	O	O	
showed	O	O	O	O	O	
a	B-PER	O	O	O	O	
dandy	I-PER	O	O	O	O	
of	I-PER	O	O	O	O	
the	I-PER	O	O	O	O	
nineties	I-PER	O	O	O	O	
,	I-PER	O	O	O	O	
spare	I-PER	O	O	O	O	
and	I-PER	O	O	O	O	
handsome	I-PER	O	O	O	O	
,	O	O	O	O	O	
standing	O	O	O	O	O	
beside	O	O	O	O	O	
a	B-PER	O	O	O	O	
tall	I-PER	O	O	O	O	
dark	I-PER	O	O	O	O	
lady	I-PER	O	O	O	O	
with	I-PER	O	O	O	O	
a	I-PER	O	O	O	O	
muff	I-PER	O	O	O	O	
and	I-PER	O	O	O	O	
the	I-PER	O	O	O	O	
suggestion	I-PER	O	O	O	O	
of	I-PER	O	O	O	O	
a	I-PER	O	O	O	O	
bustle	I-PER	O	O	O	O	
.	O	O	O	O	O	

Between	O	O	O	O	O	
them	O	O	O	O	O	
was	O	O	O	O	O	
a	O	O	B-PER	O	O	
little	O	O	I-PER	O	O	
boy	O	O	I-PER	O	O	
with	O	O	I-PER	O	O	
long	O	O	I-PER	O	O	
brown	O	O	I-PER	O	O	
curls	O	O	I-PER	O	O	
,	O	O	I-PER	O	O	
dressed	O	O	I-PER	O	O	
in	O	O	I-PER	O	O	
a	O	O	I-PER	O	O	
velvet	O	O	I-PER	O	O	
Lord	B-PER	B-PER	I-PER	O	O	
Fauntleroy	O	I-PER	I-PER	O	O	
suit	O	O	I-PER	O	O	
.	O	O	O	O	O	

This	O	O	O	O	O	
was	O	O	O	O	O	
Anthony	B-PER	O	O	O	O	
at	O	O	O	O	O	
five	O	O	O	O	O	
,	O	O	O	O	O	
the	O	O	O	O	O	
year	O	O	O	O	O	
of	O	O	O	O	O	
his	B-PER	O	O	O	O	
mother	I-PER	O	O	O	O	
's	O	O	O	O	O	
death	O	O	O	O	O	
.	O	O	O	O	O	

His	O	O	O	O	O	
memories	O	O	O	O	O	
of	O	O	O	O	O	
the	O	O	O	O	O	
Boston	B-GPE	B-PER	O	O	O	
Society	O	I-PER	O	O	O	
Contralto	O	I-PER	O	O	O	
were	O	O	O	O	O	
nebulous	O	O	O	O	O	
and	O	O	O	O	O	
musical	O	O	O	O	O	
.	O	O	O	O	O	

She	O	O	O	O	O	
was	O	O	O	O	O	
a	O	O	O	B-PER	O	
lady	O	O	O	I-PER	O	
who	O	O	O	I-PER	O	
sang	O	O	O	I-PER	O	
,	O	O	O	I-PER	O	
sang	O	O	O	I-PER	O	
,	O	O	O	I-PER	O	
sang	O	O	O	I-PER	O	
,	O	O	O	I-PER	O	
in	O	O	O	I-PER	O	
the	O	O	B-FAC	I-PER	O	
music	O	O	I-FAC	I-PER	O	
room	O	O	I-FAC	I-PER	O	
of	O	O	I-FAC	I-PER	O	
their	O	B-FAC	I-FAC	I-PER	O	
house	O	I-FAC	I-FAC	I-PER	O	
on	O	I-FAC	I-FAC	I-PER	O	
Washington	B-FAC	I-FAC	I-FAC	I-PER	O	
Square	I-FAC	I-FAC	I-FAC	I-PER	O	
--	O	O	O	O	O	
sometimes	O	O	O	O	O	
with	O	O	O	O	O	
guests	B-PER	O	O	O	O	
scattered	I-PER	O	O	O	O	
all	I-PER	O	O	O	O	
about	I-PER	O	O	O	O	
her	I-PER	O	O	O	O	
,	O	O	O	O	O	
the	O	O	O	O	O	
men	B-PER	O	O	O	O	
with	I-PER	O	O	O	O	
their	I-PER	O	O	O	O	
arms	I-PER	O	O	O	O	
folded	I-PER	O	O	O	O	
,	I-PER	O	O	O	O	
balanced	I-PER	O	O	O	O	
breathlessly	I-PER	O	O	O	O	
on	I-PER	O	O	O	O	
the	I-PER	O	O	O	O	
edges	I-PER	O	O	O	O	
of	I-PER	O	O	O	O	
sofas	I-PER	O	O	O	O	
,	O	O	O	O	O	
the	B-PER	O	O	O	O	
women	I-PER	O	O	O	O	
with	I-PER	O	O	O	O	
their	I-PER	O	O	O	O	
hands	I-PER	O	O	O	O	
in	I-PER	O	O	O	O	
their	I-PER	O	O	O	O	
laps	I-PER	O	O	O	O	
,	O	O	O	O	O	
occasionally	O	O	O	O	O	
making	O	O	O	O	O	
little	O	O	O	O	O	
whispers	O	O	O	O	O	
to	O	O	O	O	O	
the	B-PER	O	O	O	O	
men	I-PER	O	O	O	O	
and	O	O	O	O	O	
always	O	O	O	O	O	
clapping	O	O	O	O	O	
very	O	O	O	O	O	
briskly	O	O	O	O	O	
and	O	O	O	O	O	
uttering	O	O	O	O	O	
cooing	O	O	O	O	O	
cries	O	O	O	O	O	
after	O	O	O	O	O	
each	O	O	O	O	O	
song	O	O	O	O	O	
--	O	O	O	O	O	
and	O	O	O	O	O	
often	O	O	O	O	O	
she	O	O	O	O	O	
sang	O	O	O	O	O	
to	O	O	O	O	O	
Anthony	B-PER	O	O	O	O	
alone	O	O	O	O	O	
,	O	O	O	O	O	
in	O	O	O	O	O	
Italian	O	O	O	O	O	
or	O	O	O	O	O	
French	O	O	O	O	O	
or	O	O	O	O	O	
in	O	O	O	O	O	
a	O	O	O	O	O	
strange	O	O	O	O	O	
and	O	O	O	O	O	
terrible	O	O	O	O	O	
dialect	O	O	O	O	O	
which	O	O	O	O	O	
she	O	O	O	O	O	
imagined	O	O	O	O	O	
to	O	O	O	O	O	
be	O	O	O	O	O	
the	O	O	O	O	O	
speech	O	O	O	O	O	
of	O	O	O	O	O	
the	B-PER	O	O	O	O	
Southern	I-PER	O	O	O	O	
negro	I-PER	O	O	O	O	
.	O	O	O	O	O	

His	O	O	O	O	O	
recollections	O	O	O	O	O	
of	O	O	O	O	O	
the	B-PER	O	O	O	O	
gallant	I-PER	O	O	O	O	
Ulysses	I-PER	O	O	O	O	
,	O	O	O	O	O	
the	O	B-PER	O	O	O	
first	O	I-PER	O	O	O	
man	O	I-PER	O	O	O	
in	O	I-PER	O	O	O	
America	B-GPE	I-PER	O	O	O	
to	O	I-PER	O	O	O	
roll	O	I-PER	O	O	O	
the	O	I-PER	O	O	O	
lapels	O	I-PER	O	O	O	
of	O	I-PER	O	O	O	
his	O	I-PER	O	O	O	
coat	O	I-PER	O	O	O	
,	O	O	O	O	O	
were	O	O	O	O	O	
much	O	O	O	O	O	
more	O	O	O	O	O	
vivid	O	O	O	O	O	
.	O	O	O	O	O	

After	O	O	O	O	O	
Henrietta	B-PER	O	O	O	O	
Lebrune	I-PER	O	O	O	O	
Patch	I-PER	O	O	O	O	
had	O	O	O	O	O	
"	O	O	O	O	O	
joined	O	O	O	O	O	
another	B-ORG	O	O	O	O	
choir	I-ORG	O	O	O	O	
,	O	O	O	O	O	
"	O	O	O	O	O	
as	O	O	O	O	O	
her	B-PER	O	O	O	O	
widower	I-PER	O	O	O	O	
huskily	O	O	O	O	O	
remarked	O	O	O	O	O	
from	O	O	O	O	O	
time	O	O	O	O	O	
to	O	O	O	O	O	
time	O	O	O	O	O	
,	O	O	O	O	O	
father	B-PER	O	O	O	O	
and	O	O	O	O	O	
son	B-PER	O	O	O	O	
lived	O	O	O	O	O	
up	O	O	O	O	O	
at	O	O	O	O	O	
grampa	O	B-FAC	O	O	O	
's	O	I-FAC	O	O	O	
in	O	I-FAC	O	O	O	
Tarrytown	B-GPE	I-FAC	O	O	O	
,	O	O	O	O	O	
and	O	O	O	O	O	
Ulysses	B-PER	O	O	O	O	
came	O	O	O	O	O	
daily	O	O	O	O	O	
to	O	O	O	O	O	
Anthony	B-PER	B-FAC	O	O	O	
's	O	I-FAC	O	O	O	
nursery	O	I-FAC	O	O	O	
and	O	O	O	O	O	
expelled	O	O	O	O	O	
pleasant	O	O	O	O	O	
,	O	O	O	O	O	
thick-smelling	O	O	O	O	O	
words	O	O	O	O	O	
for	O	O	O	O	O	
sometimes	O	O	O	O	O	
as	O	O	O	O	O	
much	O	O	O	O	O	
as	O	O	O	O	O	
an	O	O	O	O	O	
hour	O	O	O	O	O	
.	O	O	O	O	O	

He	O	O	O	O	O	
was	O	O	O	O	O	
continually	O	O	O	O	O	
promising	O	O	O	O	O	
Anthony	B-PER	O	O	O	O	
hunting	O	O	O	O	O	
trips	O	O	O	O	O	
and	O	O	O	O	O	
fishing	O	O	O	O	O	
trips	O	O	O	O	O	
and	O	O	O	O	O	
excursions	O	O	O	O	O	
to	O	O	O	O	O	
Atlantic	B-GPE	O	O	O	O	
City	I-GPE	O	O	O	O	
,	O	O	O	O	O	
"	O	O	O	O	O	
oh	O	O	O	O	O	
,	O	O	O	O	O	
some	O	O	O	O	O	
time	O	O	O	O	O	
soon	O	O	O	O	O	
now	O	O	O	O	O	
"	O	O	O	O	O	
;	O	O	O	O	O	
but	O	O	O	O	O	
none	O	O	O	O	O	
of	O	O	O	O	O	
them	O	O	O	O	O	
ever	O	O	O	O	O	
materialized	O	O	O	O	O	
.	O	O	O	O	O	

One	O	O	O	O	O	
trip	O	O	O	O	O	
they	O	O	O	O	O	
did	O	O	O	O	O	
take	O	O	O	O	O	
;	O	O	O	O	O	
when	O	O	O	O	O	
Anthony	B-PER	O	O	O	O	
was	O	O	O	O	O	
eleven	O	O	O	O	O	
they	O	O	O	O	O	
went	O	O	O	O	O	
abroad	O	O	O	O	O	
,	O	O	O	O	O	
to	O	O	O	O	O	
England	B-GPE	O	O	O	O	
and	O	O	O	O	O	
Switzerland	B-GPE	O	O	O	O	
,	O	O	O	O	O	
and	O	O	O	O	O	
there	B-GPE	O	O	O	O	
in	O	O	O	O	O	
the	O	B-FAC	O	O	O	
best	O	I-FAC	O	O	O	
hotel	O	I-FAC	O	O	O	
in	O	I-FAC	O	O	O	
Lucerne	B-GPE	I-FAC	O	O	O	
his	B-PER	O	O	O	O	
father	I-PER	O	O	O	O	
died	O	O	O	O	O	
with	O	O	O	O	O	
much	O	O	O	O	O	
sweating	O	O	O	O	O	
and	O	O	O	O	O	
grunting	O	O	O	O	O	
and	O	O	O	O	O	
crying	O	O	O	O	O	
aloud	O	O	O	O	O	
for	O	O	O	O	O	
air	O	O	O	O	O	
.	O	O	O	O	O	

In	O	O	O	O	O	
a	O	O	O	O	O	
panic	O	O	O	O	O	
of	O	O	O	O	O	
despair	O	O	O	O	O	
and	O	O	O	O	O	
terror	O	O	O	O	O	
Anthony	B-PER	O	O	O	O	
was	O	O	O	O	O	
brought	O	O	O	O	O	
back	O	O	O	O	O	
to	O	O	O	O	O	
America	B-GPE	O	O	O	O	
,	O	O	O	O	O	
wedded	O	O	O	O	O	
to	O	O	O	O	O	
a	O	O	O	O	O	
vague	O	O	O	O	O	
melancholy	O	O	O	O	O	
that	O	O	O	O	O	
was	O	O	O	O	O	
to	O	O	O	O	O	
stay	O	O	O	O	O	
beside	O	O	O	O	O	
him	O	O	O	O	O	
through	O	O	O	O	O	
the	O	O	O	O	O	
rest	O	O	O	O	O	
of	O	O	O	O	O	
his	O	O	O	O	O	
life	O	O	O	O	O	
.	O	O	O	O	O	

PAST	O	O	O	O	O	
AND	O	O	O	O	O	
PERSON	O	O	O	O	O	
OF	O	O	O	O	O	
THE	B-PER	O	O	O	O	
HERO	I-PER	O	O	O	O	
At	O	O	O	O	O	
eleven	O	O	O	O	O	
he	O	O	O	O	O	
had	O	O	O	O	O	
a	O	O	O	O	O	
horror	O	O	O	O	O	
of	O	O	O	O	O	
death	O	O	O	O	O	
.	O	O	O	O	O	

Within	O	O	O	O	O	
six	O	O	O	O	O	
impressionable	O	O	O	O	O	
years	O	O	O	O	O	
his	B-PER	O	O	O	O	
parents	I-PER	O	O	O	O	
had	O	O	O	O	O	
died	O	O	O	O	O	
and	O	O	O	O	O	
his	B-PER	O	O	O	O	
grandmother	I-PER	O	O	O	O	
had	O	O	O	O	O	
faded	O	O	O	O	O	
off	O	O	O	O	O	
almost	O	O	O	O	O	
imperceptibly	O	O	O	O	O	
,	O	O	O	O	O	
until	O	O	O	O	O	
,	O	O	O	O	O	
for	O	O	O	O	O	
the	O	O	O	O	O	
first	O	O	O	O	O	
time	O	O	O	O	O	
since	O	O	O	O	O	
her	O	O	O	O	O	
marriage	O	O	O	O	O	
,	O	O	O	O	O	
her	B-PER	O	O	O	O	
person	I-PER	O	O	O	O	
held	O	O	O	O	O	
for	O	O	O	O	O	
one	O	O	O	O	O	
day	O	O	O	O	O	
an	O	O	O	O	O	
unquestioned	O	O	O	O	O	
supremacy	O	O	O	O	O	
over	O	O	O	O	O	
her	B-FAC	O	O	O	O	
own	I-FAC	O	O	O	O	
drawing	I-FAC	O	O	O	O	
room	I-FAC	O	O	O	O	
.	O	O	O	O	O	

So	O	O	O	O	O	
to	O	O	O	O	O	
Anthony	B-PER	O	O	O	O	
life	O	O	O	O	O	
was	O	O	O	O	O	
a	O	O	O	O	O	
struggle	O	O	O	O	O	
against	O	O	O	O	O	
death	O	O	O	O	O	
,	O	O	O	O	O	
that	O	O	O	O	O	
waited	O	O	O	O	O	
at	O	O	O	O	O	
every	B-FAC	O	O	O	O	
corner	I-FAC	O	O	O	O	
.	O	O	O	O	O	

It	O	O	O	O	O	
was	O	O	O	O	O	
as	O	O	O	O	O	
a	O	O	O	O	O	
concession	O	O	O	O	O	
to	O	O	O	O	O	
his	O	O	O	O	O	
hypochondriacal	O	O	O	O	O	
imagination	O	O	O	O	O	
that	O	O	O	O	O	
he	O	O	O	O	O	
formed	O	O	O	O	O	
the	O	O	O	O	O	
habit	O	O	O	O	O	
of	O	O	O	O	O	
reading	O	O	O	O	O	
in	O	O	O	O	O	
bed	O	O	O	O	O	
--	O	O	O	O	O	
it	O	O	O	O	O	
soothed	O	O	O	O	O	
him	O	O	O	O	O	
.	O	O	O	O	O	

He	O	O	O	O	O	
read	O	O	O	O	O	
until	O	O	O	O	O	
he	O	O	O	O	O	
was	O	O	O	O	O	
tired	O	O	O	O	O	
and	O	O	O	O	O	
often	O	O	O	O	O	
fell	O	O	O	O	O	
asleep	O	O	O	O	O	
with	O	O	O	O	O	
the	O	O	O	O	O	
lights	O	O	O	O	O	
still	O	O	O	O	O	
on	O	O	O	O	O	
.	O	O	O	O	O	

His	O	O	O	O	O	
favorite	O	O	O	O	O	
diversion	O	O	O	O	O	
until	O	O	O	O	O	
he	O	O	O	O	O	
was	O	O	O	O	O	
fourteen	O	O	O	O	O	
was	O	O	O	O	O	
his	O	O	O	O	O	
stamp	O	O	O	O	O	
collection	O	O	O	O	O	
;	O	O	O	O	O	
enormous	O	O	O	O	O	
,	O	O	O	O	O	
as	O	O	O	O	O	
nearly	O	O	O	O	O	
exhaustive	O	O	O	O	O	
as	O	O	O	O	O	
a	B-PER	O	O	O	O	
boy	I-PER	O	O	O	O	
's	O	O	O	O	O	
could	O	O	O	O	O	
be	O	O	O	O	O	
--	O	O	O	O	O	
his	B-PER	O	O	O	O	
grandfather	I-PER	O	O	O	O	
considered	O	O	O	O	O	
fatuously	O	O	O	O	O	
that	O	O	O	O	O	
it	O	O	O	O	O	
was	O	O	O	O	O	
teaching	O	O	O	O	O	
him	O	O	O	O	O	
geography	O	O	O	O	O	
.	O	O	O	O	O	

So	O	O	O	O	O	
Anthony	B-PER	O	O	O	O	
kept	O	O	O	O	O	
up	O	O	O	O	O	
a	O	O	O	O	O	
correspondence	O	O	O	O	O	
with	O	O	O	O	O	
a	B-ORG	O	O	O	O	
half	I-ORG	O	O	O	O	
dozen	I-ORG	O	O	O	O	
"	I-ORG	O	O	O	O	
Stamp	I-ORG	O	O	O	O	
and	I-ORG	O	O	O	O	
Coin	I-ORG	O	O	O	O	
"	I-ORG	O	O	O	O	
companies	I-ORG	O	O	O	O	
and	O	O	O	O	O	
it	O	O	O	O	O	
was	O	O	O	O	O	
rare	O	O	O	O	O	
that	O	O	O	O	O	
the	O	O	O	O	O	
mail	O	O	O	O	O	
failed	O	O	O	O	O	
to	O	O	O	O	O	
bring	O	O	O	O	O	
him	O	O	O	O	O	
new	O	O	O	O	O	
stamp-books	O	O	O	O	O	
or	O	O	O	O	O	
packages	O	O	O	O	O	
of	O	O	O	O	O	
glittering	O	O	O	O	O	
approval	O	O	O	O	O	
sheets	O	O	O	O	O	
--	O	O	O	O	O	
there	O	O	O	O	O	
was	O	O	O	O	O	
a	O	O	O	O	O	
mysterious	O	O	O	O	O	
fascination	O	O	O	O	O	
in	O	O	O	O	O	
transferring	O	O	O	O	O	
his	O	O	O	O	O	
acquisitions	O	O	O	O	O	
interminably	O	O	O	O	O	
from	O	O	O	O	O	
one	O	O	O	O	O	
book	O	O	O	O	O	
to	O	O	O	O	O	
another	O	O	O	O	O	
.	O	O	O	O	O	

His	O	O	O	O	O	
stamps	O	O	O	O	O	
were	O	O	O	O	O	
his	O	O	O	O	O	
greatest	O	O	O	O	O	
happiness	O	O	O	O	O	
and	O	O	O	O	O	
he	O	O	O	O	O	
bestowed	O	O	O	O	O	
impatient	O	O	O	O	O	
frowns	O	O	O	O	O	
on	O	O	O	O	O	
any	B-PER	O	O	O	O	
one	I-PER	O	O	O	O	
who	I-PER	O	O	O	O	
interrupted	I-PER	O	O	O	O	
him	I-PER	O	O	O	O	
at	I-PER	O	O	O	O	
play	I-PER	O	O	O	O	
with	O	O	O	O	O	
them	O	O	O	O	O	
;	O	O	O	O	O	
they	O	O	O	O	O	
devoured	O	O	O	O	O	
his	O	O	O	O	O	
allowance	O	O	O	O	O	
every	O	O	O	O	O	
month	O	O	O	O	O	
,	O	O	O	O	O	
and	O	O	O	O	O	
he	O	O	O	O	O	
lay	O	O	O	O	O	
awake	O	O	O	O	O	
at	O	O	O	O	O	
night	O	O	O	O	O	
musing	O	O	O	O	O	
untiringly	O	O	O	O	O	
on	O	O	O	O	O	
their	O	O	O	O	O	
variety	O	O	O	O	O	
and	O	O	O	O	O	
many-colored	O	O	O	O	O	
splendor	O	O	O	O	O	
.	O	O	O	O	O	

At	O	O	O	O	O	
sixteen	O	O	O	O	O	
he	O	O	O	O	O	
had	O	O	O	O	O	
lived	O	O	O	O	O	
almost	O	O	O	O	O	
entirely	O	O	O	O	O	
within	O	O	O	O	O	
himself	O	O	O	O	O	
,	O	O	O	O	O	
an	B-PER	O	O	O	O	
inarticulate	I-PER	O	O	O	O	
boy	I-PER	O	O	O	O	
,	O	O	O	O	O	
thoroughly	O	O	O	O	O	
un-American	O	O	O	O	O	
,	O	O	O	O	O	
and	O	O	O	O	O	
politely	O	O	O	O	O	
bewildered	O	O	O	O	O	
by	O	O	O	O	O	
his	B-PER	O	O	O	O	
contemporaries	I-PER	O	O	O	O	
.	O	O	O	O	O	

The	O	O	O	O	O	
two	O	O	O	O	O	
preceding	O	O	O	O	O	
years	O	O	O	O	O	
had	O	O	O	O	O	
been	O	O	O	O	O	
spent	O	O	O	O	O	
in	O	O	O	O	O	
Europe	B-GPE	O	O	O	O	
with	O	O	O	O	O	
a	O	B-PER	O	O	O	
private	O	I-PER	O	O	O	
tutor	O	I-PER	O	O	O	
,	O	I-PER	O	O	O	
who	O	I-PER	O	O	O	
persuaded	O	I-PER	O	O	O	
him	O	I-PER	O	O	O	
that	O	I-PER	O	O	O	
Harvard	B-ORG	I-PER	O	O	O	
was	O	I-PER	O	O	O	
the	O	I-PER	O	O	O	
thing	O	I-PER	O	O	O	
;	O	O	O	O	O	
it	O	O	O	O	O	
would	O	O	O	O	O	
"	O	O	O	O	O	
open	O	O	O	O	O	
doors	O	O	O	O	O	
,	O	O	O	O	O	
"	O	O	O	O	O	
it	O	O	O	O	O	
would	O	O	O	O	O	
be	O	O	O	O	O	
a	O	O	O	O	O	
tremendous	O	O	O	O	O	
tonic	O	O	O	O	O	
,	O	O	O	O	O	
it	O	O	O	O	O	
would	O	O	O	O	O	
give	O	O	O	O	O	
him	O	O	O	O	O	
innumerable	B-PER	O	O	O	O	
self-sacrificing	I-PER	O	O	O	O	
and	I-PER	O	O	O	O	
devoted	I-PER	O	O	O	O	
friends	I-PER	O	O	O	O	
.	O	O	O	O	O	

So	O	O	O	O	O	
he	O	O	O	O	O	
went	O	O	O	O	O	
to	O	O	O	O	O	
Harvard	B-ORG	O	O	O	O	
--	O	O	O	O	O	
there	O	O	O	O	O	
was	O	O	O	O	O	
no	O	O	O	O	O	
other	O	O	O	O	O	
logical	O	O	O	O	O	
thing	O	O	O	O	O	
to	O	O	O	O	O	
be	O	O	O	O	O	
done	O	O	O	O	O	
with	O	O	O	O	O	
him	O	O	O	O	O	
.	O	O	O	O	O	

Oblivious	O	O	O	O	O	
to	O	O	O	O	O	
the	O	O	O	O	O	
social	O	O	O	O	O	
system	O	O	O	O	O	
,	O	O	O	O	O	
he	O	O	O	O	O	
lived	O	O	O	O	O	
for	O	O	O	O	O	
a	O	O	O	O	O	
while	O	O	O	O	O	
alone	O	O	O	O	O	
and	O	O	O	O	O	
unsought	O	O	O	O	O	
in	O	O	O	O	O	
a	O	B-FAC	O	O	O	
high	O	I-FAC	O	O	O	
room	O	I-FAC	O	O	O	
in	O	I-FAC	O	O	O	
Beck	B-FAC	I-FAC	O	O	O	
Hall	I-FAC	I-FAC	O	O	O	
--	O	O	O	O	O	
a	B-PER	O	O	O	O	
slim	I-PER	O	O	O	O	
dark	I-PER	O	O	O	O	
boy	I-PER	O	O	O	O	
of	I-PER	O	O	O	O	
medium	I-PER	O	O	O	O	
height	I-PER	O	O	O	O	
with	I-PER	O	O	O	O	
a	I-PER	O	O	O	O	
shy	I-PER	O	O	O	O	
sensitive	I-PER	O	O	O	O	
mouth	I-PER	O	O	O	O	
.	O	O	O	O	O	

His	O	O	O	O	O	
allowance	O	O	O	O	O	
was	O	O	O	O	O	
more	O	O	O	O	O	
than	O	O	O	O	O	
liberal	O	O	O	O	O	
.	O	O	O	O	O	

He	O	O	O	O	O	
laid	O	O	O	O	O	
the	O	O	O	O	O	
foundations	O	O	O	O	O	
for	O	O	O	O	O	
a	B-FAC	O	O	O	O	
library	I-FAC	O	O	O	O	
by	O	O	O	O	O	
purchasing	O	O	O	O	O	
from	O	O	O	O	O	
a	O	O	O	O	O	
wandering	O	O	O	O	O	
bibliophile	B-PER	O	O	O	O	
first	O	O	O	O	O	
editions	O	O	O	O	O	
of	O	O	O	O	O	
Swinburne	B-PER	O	O	O	O	
,	O	O	O	O	O	
Meredith	B-PER	O	O	O	O	
,	O	O	O	O	O	
and	O	O	O	O	O	
Hardy	B-PER	O	O	O	O	
,	O	O	O	O	O	
and	O	O	O	O	O	
a	O	O	O	O	O	
yellowed	O	O	O	O	O	
illegible	O	O	O	O	O	
autograph	O	O	O	O	O	
letter	O	O	O	O	O	
of	O	O	O	O	O	
Keats	B-PER	O	O	O	O	
's	O	O	O	O	O	
,	O	O	O	O	O	
finding	O	O	O	O	O	
later	O	O	O	O	O	
that	O	O	O	O	O	
he	O	O	O	O	O	
had	O	O	O	O	O	
been	O	O	O	O	O	
amazingly	O	O	O	O	O	
overcharged	O	O	O	O	O	
.	O	O	O	O	O	

He	O	O	O	O	O	
became	O	O	O	O	O	
an	B-PER	O	O	O	O	
exquisite	I-PER	O	O	O	O	
dandy	I-PER	O	O	O	O	
,	O	O	O	O	O	
amassed	O	O	O	O	O	
a	O	O	O	O	O	
rather	O	O	O	O	O	
pathetic	O	O	O	O	O	
collection	O	O	O	O	O	
of	O	O	O	O	O	
silk	O	O	O	O	O	
pajamas	O	O	O	O	O	
,	O	O	O	O	O	
brocaded	O	O	O	O	O	
dressing-gowns	O	O	O	O	O	
,	O	O	O	O	O	
and	O	O	O	O	O	
neckties	O	O	O	O	O	
too	O	O	O	O	O	
flamboyant	O	O	O	O	O	
to	O	O	O	O	O	
wear	O	O	O	O	O	
;	O	O	O	O	O	
in	O	O	O	O	O	
this	O	O	O	O	O	
secret	O	O	O	O	O	
finery	O	O	O	O	O	
he	O	O	O	O	O	
would	O	O	O	O	O	
parade	O	O	O	O	O	
before	O	O	O	O	O	
a	O	O	O	O	O	
mirror	O	O	O	O	O	
in	O	O	O	O	O	
his	B-FAC	O	O	O	O	
room	I-FAC	O	O	O	O	
or	O	O	O	O	O	
lie	O	O	O	O	O	
stretched	O	O	O	O	O	
in	O	O	O	O	O	
satin	O	O	O	O	O	
along	O	O	O	O	O	
his	O	O	O	O	O	
window-seat	O	O	O	O	O	
looking	O	O	O	O	O	
down	O	O	O	O	O	
on	O	O	O	O	O	
the	B-FAC	O	O	O	O	
yard	I-FAC	O	O	O	O	
and	O	O	O	O	O	
realizing	O	O	O	O	O	
dimly	O	O	O	O	O	
this	O	O	O	O	O	
clamor	O	O	O	O	O	
,	O	O	O	O	O	
breathless	O	O	O	O	O	
and	O	O	O	O	O	
immediate	O	O	O	O	O	
,	O	O	O	O	O	
in	O	O	O	O	O	
which	O	O	O	O	O	
it	O	O	O	O	O	
seemed	O	O	O	O	O	
he	O	O	O	O	O	
was	O	O	O	O	O	
never	O	O	O	O	O	
to	O	O	O	O	O	
have	O	O	O	O	O	
a	O	O	O	O	O	
part	O	O	O	O	O	
.	O	O	O	O	O	

Curiously	O	O	O	O	O	
enough	O	O	O	O	O	
he	O	O	O	O	O	
found	O	O	O	O	O	
in	O	O	O	O	O	
senior	O	O	O	O	O	
year	O	O	O	O	O	
that	O	O	O	O	O	
he	O	O	O	O	O	
had	O	O	O	O	O	
acquired	O	O	O	O	O	
a	O	O	O	O	O	
position	O	O	O	O	O	
in	O	O	O	O	O	
his	B-PER	O	O	O	O	
class	I-PER	O	O	O	O	
.	O	O	O	O	O	

He	O	O	O	O	O	
learned	O	O	O	O	O	
that	O	O	O	O	O	
he	O	O	O	O	O	
was	O	O	O	O	O	
looked	O	O	O	O	O	
upon	O	O	O	O	O	
as	O	O	O	O	O	
a	B-PER	O	O	O	O	
rather	I-PER	O	O	O	O	
romantic	I-PER	O	O	O	O	
figure	I-PER	O	O	O	O	
,	O	O	O	O	O	
a	B-PER	O	O	O	O	
scholar	I-PER	O	O	O	O	
,	O	O	O	O	O	
a	B-PER	O	O	O	O	
recluse	I-PER	O	O	O	O	
,	O	O	O	O	O	
a	B-PER	O	O	O	O	
tower	I-PER	O	O	O	O	
of	I-PER	O	O	O	O	
erudition	I-PER	O	O	O	O	
.	O	O	O	O	O	

This	O	O	O	O	O	
amused	O	O	O	O	O	
him	O	O	O	O	O	
but	O	O	O	O	O	
secretly	O	O	O	O	O	
pleased	O	O	O	O	O	
him	O	O	O	O	O	
--	O	O	O	O	O	
he	O	O	O	O	O	
began	O	O	O	O	O	
going	O	O	O	O	O	
out	O	O	O	O	O	
,	O	O	O	O	O	
at	O	O	O	O	O	
first	O	O	O	O	O	
a	O	O	O	O	O	
little	O	O	O	O	O	
and	O	O	O	O	O	
then	O	O	O	O	O	
a	O	O	O	O	O	
great	O	O	O	O	O	
deal	O	O	O	O	O	
.	O	O	O	O	O	

He	O	O	O	O	O	
made	O	O	O	O	O	
the	O	O	O	O	O	
Pudding	O	O	O	O	O	
.	O	O	O	O	O	

He	O	O	O	O	O	
drank	O	O	O	O	O	
--	O	O	O	O	O	
quietly	O	O	O	O	O	
and	O	O	O	O	O	
in	O	O	O	O	O	
the	O	O	O	O	O	
proper	O	O	O	O	O	
tradition	O	O	O	O	O	
.	O	O	O	O	O	

It	O	O	O	O	O	
was	O	O	O	O	O	
said	O	O	O	O	O	
of	O	O	O	O	O	
him	O	O	O	O	O	
that	O	O	O	O	O	
had	O	O	O	O	O	
he	O	O	O	O	O	
not	O	O	O	O	O	
come	O	O	O	O	O	
to	O	O	O	O	O	
college	B-ORG	O	O	O	O	
so	O	O	O	O	O	
young	O	O	O	O	O	
he	O	O	O	O	O	
might	O	O	O	O	O	
have	O	O	O	O	O	
"	O	O	O	O	O	
done	O	O	O	O	O	
extremely	O	O	O	O	O	
well	O	O	O	O	O	
.	O	O	O	O	O	
"	O	O	O	O	O	

In	O	O	O	O	O	
1909	O	O	O	O	O	
,	O	O	O	O	O	
when	O	O	O	O	O	
he	O	O	O	O	O	
graduated	O	O	O	O	O	
,	O	O	O	O	O	
he	O	O	O	O	O	
was	O	O	O	O	O	
only	O	O	O	O	O	
twenty	O	O	O	O	O	
years	O	O	O	O	O	
old	O	O	O	O	O	
.	O	O	O	O	O	

Then	O	O	O	O	O	
abroad	O	O	O	O	O	
again	O	O	O	O	O	
--	O	O	O	O	O	
to	O	O	O	O	O	
Rome	B-GPE	O	O	O	O	
this	O	O	O	O	O	
time	O	O	O	O	O	
,	O	O	O	O	O	
where	O	O	O	O	O	
he	O	O	O	O	O	
dallied	O	O	O	O	O	
with	O	O	O	O	O	
architecture	O	O	O	O	O	
and	O	O	O	O	O	
painting	O	O	O	O	O	
in	O	O	O	O	O	
turn	O	O	O	O	O	
,	O	O	O	O	O	
took	O	O	O	O	O	
up	O	O	O	O	O	
the	O	O	O	O	O	
violin	O	O	O	O	O	
,	O	O	O	O	O	
and	O	O	O	O	O	
wrote	O	O	O	O	O	
some	O	O	O	O	O	
ghastly	O	O	O	O	O	
Italian	O	O	O	O	O	
sonnets	O	O	O	O	O	
,	O	O	O	O	O	
supposedly	O	O	O	O	O	
the	O	O	O	O	O	
ruminations	O	O	O	O	O	
of	O	O	O	O	O	
a	B-PER	O	O	O	O	
thirteenth-century	I-PER	O	O	O	O	
monk	I-PER	O	O	O	O	
on	O	O	O	O	O	
the	O	O	O	O	O	
joys	O	O	O	O	O	
of	O	O	O	O	O	
the	O	O	O	O	O	
contemplative	O	O	O	O	O	
life	O	O	O	O	O	
.	O	O	O	O	O	

It	O	O	O	O	O	
became	O	O	O	O	O	
established	O	O	O	O	O	
among	O	O	O	O	O	
his	B-PER	O	O	O	O	
Harvard	I-PER	O	O	O	O	
intimates	I-PER	O	O	O	O	
that	O	O	O	O	O	
he	O	O	O	O	O	
was	O	O	O	O	O	
in	O	O	O	O	O	
Rome	B-GPE	O	O	O	O	
,	O	O	O	O	O	
and	O	O	O	O	O	
those	B-PER	O	O	O	O	
of	I-PER	O	O	O	O	
them	I-PER	O	O	O	O	
who	I-PER	O	O	O	O	
were	I-PER	O	O	O	O	
abroad	I-PER	O	O	O	O	
that	I-PER	O	O	O	O	
year	I-PER	O	O	O	O	
looked	O	O	O	O	O	
him	O	O	O	O	O	
up	O	O	O	O	O	
and	O	O	O	O	O	
discovered	O	O	O	O	O	
with	O	O	O	O	O	
him	O	O	O	O	O	
,	O	O	O	O	O	
on	O	O	O	O	O	
many	O	O	O	O	O	
moonlight	O	O	O	O	O	
excursions	O	O	O	O	O	
,	O	O	O	O	O	
much	O	O	O	O	O	
in	O	O	O	O	O	
the	B-GPE	O	O	O	O	
city	I-GPE	O	O	O	O	
that	O	O	O	O	O	
was	O	O	O	O	O	
older	O	O	O	O	O	
than	O	O	O	O	O	
the	O	O	O	O	O	
Renaissance	O	O	O	O	O	
or	O	O	O	O	O	
indeed	O	O	O	O	O	
than	O	O	O	O	O	
the	O	O	O	O	O	
republic	O	O	O	O	O	
.	O	O	O	O	O	

Maury	O	B-PER	O	O	O	
Noble	O	I-PER	O	O	O	
,	O	I-PER	O	O	O	
from	O	I-PER	O	O	O	
Philadelphia	B-GPE	I-PER	O	O	O	
,	O	O	O	O	O	
for	O	O	O	O	O	
instance	O	O	O	O	O	
,	O	O	O	O	O	
remained	O	O	O	O	O	
two	O	O	O	O	O	
months	O	O	O	O	O	
,	O	O	O	O	O	
and	O	O	O	O	O	
together	O	O	O	O	O	
they	O	O	O	O	O	
realized	O	O	O	O	O	
the	O	O	O	O	O	
peculiar	O	O	O	O	O	
charm	O	O	O	O	O	
of	O	O	O	O	O	
Latin	B-PER	O	O	O	O	
women	I-PER	O	O	O	O	
and	O	O	O	O	O	
had	O	O	O	O	O	
a	O	O	O	O	O	
delightful	O	O	O	O	O	
sense	O	O	O	O	O	
of	O	O	O	O	O	
being	O	O	O	O	O	
very	O	O	O	O	O	
young	O	O	O	O	O	
and	O	O	O	O	O	
free	O	O	O	O	O	
in	O	O	O	O	O	
a	B-PER	O	O	O	O	
civilization	I-PER	O	O	O	O	
that	I-PER	O	O	O	O	
was	I-PER	O	O	O	O	
very	I-PER	O	O	O	O	
old	I-PER	O	O	O	O	
and	I-PER	O	O	O	O	
free	I-PER	O	O	O	O	
.	O	O	O	O	O	

Not	O	O	O	O	O	
a	O	B-PER	O	O	O	
few	O	I-PER	O	O	O	
acquaintances	O	I-PER	O	O	O	
of	O	I-PER	O	O	O	
his	B-PER	I-PER	O	O	O	
grandfather	I-PER	I-PER	O	O	O	
's	O	I-PER	O	O	O	
called	O	O	O	O	O	
on	O	O	O	O	O	
him	O	O	O	O	O	
,	O	O	O	O	O	
and	O	O	O	O	O	
had	O	O	O	O	O	
he	O	O	O	O	O	
so	O	O	O	O	O	
desired	O	O	O	O	O	
he	O	O	O	O	O	
might	O	O	O	O	O	
have	O	O	O	O	O	
been	O	O	O	O	O	
_	O	O	O	O	O	
persona	O	O	O	O	O	
grata	O	O	O	O	O	
_	O	O	O	O	O	
with	O	O	O	O	O	
the	O	O	O	O	O	
diplomatic	O	O	O	O	O	
set	O	O	O	O	O	
--	O	O	O	O	O	
indeed	O	O	O	O	O	
,	O	O	O	O	O	
he	O	O	O	O	O	
found	O	O	O	O	O	
that	O	O	O	O	O	
his	O	O	O	O	O	
inclinations	O	O	O	O	O	
tended	O	O	O	O	O	
more	O	O	O	O	O	
and	O	O	O	O	O	
more	O	O	O	O	O	
toward	O	O	O	O	O	
conviviality	O	O	O	O	O	
,	O	O	O	O	O	
but	O	O	O	O	O	
that	O	O	O	O	O	
long	O	O	O	O	O	
adolescent	O	O	O	O	O	
aloofness	O	O	O	O	O	
and	O	O	O	O	O	
consequent	O	O	O	O	O	
shyness	O	O	O	O	O	
still	O	O	O	O	O	
dictated	O	O	O	O	O	
to	O	O	O	O	O	
his	O	O	O	O	O	
conduct	O	O	O	O	O	
.	O	O	O	O	O	

